wavelength_nm,diameter_mm,myopia_d,threshold_stroke_arcmin,threshold_log_mar,threshold_detected,threshold_status,optical_d50_arcmin,optical_mar_arcmin,optical_log_mar
550.0,0.3,0.5,4.970293879263908,0.6963820680833087,True,resolved,5.5895789540651135,1.3973947385162784,0.14531910371176304
550.0,0.3315885423378064,0.5,4.502864779479297,0.6534889053445155,True,resolved,5.057935926010706,1.2644839815026765,0.10191333206788118
550.0,0.3665032046990376,0.5,4.0883727450098695,0.6115504844165803,True,resolved,4.5772355313380295,1.1443088828345074,0.05854326921570227
550.0,0.4050942113609619,0.5,3.69434642148252,0.5675376171151048,True,resolved,4.142728766339762,1.0356821915849406,0.015226508676094553
550.0,0.4477486635155488,0.5,3.3298724741617853,0.5224276014257332,True,resolved,3.7501555963399618,0.9375388990849904,-0.028010704072250706
550.0,0.4492873987401234,0.5,3.3186932959910154,0.5209671180267231,True,resolved,3.737398851199006,0.9343497127997515,-0.029490543563517824
550.0,0.47293410393697205,0.5,3.1578662520724214,0.4993937320000209,True,resolved,3.551908113311556,0.887977028327889,-0.051598269130724156
550.0,0.4948944222294061,0.5,3.0234499237697623,0.4805027799502072,True,resolved,3.395711745396012,0.848927936349003,-0.07112917450786936
550.0,0.4965808091338207,0.5,3.0135311864722696,0.47907569025979024,True,resolved,3.3842963984468186,0.8460740996117047,-0.07259159955764707
550.0,0.5470044002605323,0.5,2.7398170241221087,0.4377215598760308,True,resolved,3.076023262797929,0.7690058156994822,-0.11407037578160802
550.0,0.5502624373878341,0.5,2.723196143885479,0.43507892343297366,True,resolved,3.058086046462328,0.764521511615582,-0.11661029018036222
550.0,0.5792236183029833,0.5,2.5827509876127674,0.412082536286037,True,resolved,2.90772227842246,0.726930569605615,-0.13850706737632093
550.0,0.6046013057825199,0.5,2.4694071621364615,0.3925927034152682,True,resolved,2.788130323948162,0.6970325809870405,-0.15674692145409258
550.0,0.6081847992181325,0.5,2.455065733344196,0.3900631246652938,True,resolved,2.772073299286001,0.6930183248215003,-0.1592552816022759
550.0,0.6353883327016112,0.5,2.353952265063893,0.3717976516979247,True,resolved,2.65629914765023,0.6640747869125575,-0.17778300841138062
550.0,0.6682628855998672,0.5,2.2456178856302453,0.35133585865719297,True,resolved,2.5294826344823678,0.6323706586205919,-0.19902828911109752
550.0,0.6688298238964329,0.5,2.243867378820141,0.35099718487081977,True,resolved,2.527410237926736,0.631852559481684,-0.1993842509483448
550.0,0.7022713150912545,0.5,2.1448553173205682,0.3313980018780663,True,resolved,2.4114096228799977,0.6028524057199994,-0.21978900166969934
550.0,0.7386277204483878,0.5,2.0465060172940963,0.3110130259291409,True,resolved,2.297949947714389,0.5744874869285973,-0.2407194263613271
550.0,0.7781886018183509,0.5,1.9483770342130704,0.2896730018413676,True,resolved,2.187452988019306,0.5468632470048265,-0.26212126323964363
550.0,0.8164016305125923,0.5,1.8613291374510026,0.2698231758926144,True,resolved,2.091853606509322,0.5229634016273305,-0.28152870315462397
550.0,0.8191458966508958,0.5,1.8553065421809398,0.2684156759882129,True,resolved,2.085370610534921,0.5213426526337303,-0.282876742662272
550.0,0.8601031914834406,0.5,1.7689387973532382,0.24771280722765704,True,resolved,1.9941681481697149,0.4985420370424287,-0.3022982161169214
550.0,0.9023647554129298,0.5,1.6912087163497802,0.22819720828694193,True,resolved,1.9100306293169296,0.4775076573292324,-0.32101965966313034
550.0,0.9973793796812823,0.5,1.5488082637830622,0.1899976571813956,True,resolved,1.751950124959787,0.43798753123994677,-0.35853825294513814
550.0,1.1005248747756682,0.5,1.4225177772460418,0.1530577024917957,True,resolved,1.6199927419875726,0.40499818549689315,-0.3925469225395339
550.0,1.102398582221007,0.5,1.4204007356355972,0.15241088855382304,True,resolved,1.6179224832107642,0.40448062080269104,-0.3931022811717812
550.0,1.1584472366059666,0.5,1.3614360882035847,0.13399725846187505,True,resolved,1.5608474425065928,0.3902118606266482,-0.408699534207464
550.0,1.216369598436265,0.5,1.3072784847374157,0.11636811359559394,True,resolved,1.5111233181149577,0.3777808295287394,-0.42276008410905613
550.0,1.218475796513094,0.5,1.3055364409321648,0.1157889986215283,True,resolved,1.5094824864151497,0.3773706216037874,-0.4232319127879136
550.0,1.3467753774655815,0.5,1.2135776269401022,0.08406756136303367,True,resolved,1.4287712914079211,0.3571928228519803,-0.4470972760631546
550.0,1.4885842809008711,0.5,1.1682864177098076,0.06754932769241585,True,resolved,1.3798253464242114,0.34495633660605285,-0.4622358729589669
550.0,1.645324972836306,0.5,1.1815157761322927,0.07243952490318108,True,resolved,1.3755476296727756,0.3438869074181939,-0.46358435847362844
550.0,1.8185696980492723,0.5,1.2815902502491474,0.10774919483949036,True,resolved,1.5406797309045646,0.38516993272614114,-0.41434762227642485
550.0,2.0100562510528768,0.5,1.4582833375418733,0.1638419135402369,True,resolved,1.8947965513027631,0.4736991378256908,-0.32449740572567576
550.0,2.2217054076787313,0.5,1.7087660725238794,0.23268261253599767,True,resolved,2.121736996474665,0.5304342491186662,-0.27536844213903533
550.0,2.455640192120709,0.5,1.9846916641659413,0.29769304563183685,True,resolved,2.284739196888489,0.5711847992221223,-0.24322335883306476
550.0,2.714207172704789,0.5,2.2711076903742553,0.356237727890555,True,resolved,2.640918957580304,0.660229739395076,-0.18030491720006378
550.0,3.0000000000000004,0.5,2.5776881751157075,0.4112303792635443,True,resolved,2.965798188456349,0.7414495471140873,-0.12991839575552647
550.0,0.3,1.0,4.97303971937042,0.6966219279300956,True,resolved,5.595265794056446,1.3988164485141115,0.14576073048372856
550.0,0.3315885423378064,1.0,4.506569194576445,0.6538460436798794,True,resolved,5.065618584027339,1.2664046460068348,0.10257249513559295
550.0,0.3665032046990376,1.0,4.093346483329697,0.6120785072715657,True,resolved,4.587616746019639,1.1469041865049097,0.05952713803179571
550.0,0.4050942113609619,1.0,3.701196519388367,0.5683421450843329,True,resolved,4.156761290949486,1.0391903227373716,0.01669509379887427
550.0,0.4477486635155488,1.0,3.338981743968282,0.5236140445363979,True,resolved,3.7691334932483134,0.9422833733120783,-0.025818471985433456
550.0,0.4492873987401234,1.0,3.327899175208808,0.5221701600724843,True,resolved,3.7565742803270483,0.9391435700817621,-0.027268010579389962
550.0,0.47293410393697205,1.0,3.168632941243017,0.5008719328395389,True,resolved,3.574297836156601,0.8935744590391502,-0.0488692531163542
550.0,0.4948944222294061,1.0,3.0358070639018297,0.4822741671755685,True,resolved,3.421397670565143,0.8553494176412858,-0.06785643596932105
550.0,0.4965808091338207,1.0,3.0260167818790897,0.4808713322322025,True,resolved,3.4102481931138837,0.8525620482784709,-0.06927400383770868
550.0,0.5470044002605323,1.0,2.756727759225562,0.4403938794521896,True,resolved,3.1108283739976206,0.7777070934994051,-0.10918393980840964
550.0,0.5502624373878341,1.0,2.740443966311116,0.43782092650649646,True,resolved,3.0935256827104545,0.7733814206776136,-0.11160626540765295
550.0,0.5792236183029833,1.0,2.6034162066236872,0.41554360406410773,True,resolved,2.9491593999927463,0.7372898499981866,-0.13236174483028146
550.0,0.6046013057825199,1.0,2.491918597468509,0.39653385129063956,True,resolved,2.83537343114066,0.708843357785165,-0.14944972584032742
550.0,0.6081847992181325,1.0,2.4780191307252686,0.39410465487957164,True,resolved,2.8201796407940503,0.7050449101985126,-0.15178321828493085
550.0,0.6353883327016112,1.0,2.3804475902066655,0.37665862414927925,True,resolved,2.7113237931634813,0.6778309482908703,-0.16887860610190306
550.0,0.6682628855998672,1.0,2.2768718130587353,0.3573385807037077,True,resolved,2.593774430644517,0.6484436076611293,-0.18812778665236893
550.0,0.6688298238964329,1.0,2.2752081161084416,0.3570211282650485,True,resolved,2.591871010397892,0.647967752599473,-0.18844660711796968
550.0,0.7022713150912545,1.0,2.1816670199123043,0.3387884664861124,True,resolved,2.4864136019527048,0.6216034004881762,-0.20648661838794777
550.0,0.7386277204483878,1.0,2.090203157879945,0.32018849953607303,True,resolved,2.385782115403764,0.596445528850941,-0.22442921268040758
550.0,0.7781886018183509,1.0,2.0011646251507567,0.3012828171987733,True,resolved,2.2910157066648034,0.5727539266662008,-0.24203192470754328
550.0,0.8164016305125923,1.0,1.9250807169880881,0.2844489438224937,True,resolved,2.212545945546724,0.553136486386681,-0.257167693341047
550.0,0.8191458966508958,1.0,1.9199450557095314,0.28328880039959314,True,resolved,2.2073716219881834,0.5518429054970458,-0.2581845363754734
550.0,0.8601031914834406,1.0,1.8490877355847735,0.26695751806904927,True,resolved,2.137051090896406,0.5342627727241015,-0.27224508627706556
550.0,0.9023647554129298,1.0,1.7877018598962329,0.252295091977671,True,resolved,2.0773408768337767,0.5193352192084442,-0.2845522243157218
550.0,0.9973793796812823,1.0,1.6960504589298875,0.22943876873958013,True,resolved,1.9819839239260777,0.4954959809815194,-0.3049598637712941
550.0,1.1005248747756682,1.0,1.660717621964455,0.22029579401182794,True,resolved,1.939542333207507,0.48488558330187675,-0.3143607282076746
550.0,1.102398582221007,1.0,1.660770638303301,0.220309658100218,True,resolved,1.9393609833250527,0.4848402458312632,-0.3144013372390807
550.0,1.1584472366059666,1.0,1.678710161961798,0.2249757194099348,True,resolved,1.943954155278838,0.4859885388197095,-0.3133739726843093
550.0,1.216369598436265,1.0,1.7341258342183161,0.23908060820584112,True,resolved,1.9916751339828438,0.49791878349571095,-0.30284149008391376
550.0,1.218475796513094,1.0,1.7370464894387954,0.2398114418417758,True,resolved,1.9968111438656944,0.4992027859664236,-0.3017229995947263
550.0,1.3467753774655815,1.0,1.9353235348172027,0.28675357795463924,True,resolved,2.401051096379871,0.6002627740949678,-0.2216585890219966
550.0,1.4885842809008711,1.0,2.208146808944156,0.3440279441453877,True,resolved,2.8779261596386156,0.7194815399096539,-0.1429803444907136
550.0,1.645324972836306,1.0,2.576912342534552,0.4110996456362662,True,resolved,3.114199613062976,0.778549903265744,-0.10871354492201234
550.0,1.8185696980492723,1.0,2.9799349994673126,0.47420679102909263,True,resolved,3.375311920500693,0.8438279801251732,-0.07374607813344757
550.0,2.0100562510528768,1.0,3.4105582118520688,0.5328254665252473,True,resolved,3.9970202283875307,0.9992550570968827,-0.00032364515571032794
550.0,2.2217054076787313,1.0,3.8519703156247154,0.5856829316689927,True,resolved,4.410834098505893,1.1027085246264732,0.04246073195522904
550.0,2.455640192120709,1.0,4.300047439805307,0.6334732469126139,True,resolved,5.057925297865292,1.264481324466323,0.1019124194921145
550.0,2.714207172704789,1.0,4.801628314345469,0.6813885390454016,True,resolved,5.771018095746008,1.442754523936502,0.1591924447672739
550.0,3.0000000000000004,1.0,5.3878806723730435,0.7314179686575185,True,resolved,6.5293160061548505,1.6323290015387126,0.2128076967906957
550.0,0.3,1.5,4.977631526094896,0.6970227444006156,True,resolved,5.604758169604511,1.4011895424011278,0.14649688735645108
550.0,0.3315885423378064,1.5,4.5127789313031395,0.6544440591424067,True,resolved,5.078451955520133,1.2696129888800332,0.1036713568549117
550.0,0.3665032046990376,1.5,4.101714566904377,0.6129654350836734,True,resolved,4.604977574599257,1.1512443936498142,0.061167528275152615
550.0,0.4050942113609619,1.5,3.7127738754717656,0.5696984995559933,True,resolved,4.180267594324848,1.045066898581212,0.019144092126241203
550.0,0.4477486635155488,1.5,3.354447326580797,0.5256209767291318,True,resolved,3.80100382321725,0.9502509558043125,-0.022161684892098875
550.0,0.4492873987401234,1.5,3.343535134230556,0.5242058911735104,True,resolved,3.7887797144177937,0.9471949286044484,-0.02356063587981228
550.0,0.47293410393697205,1.5,3.187024880495601,0.5033854539411843,True,resolved,3.611967850057412,0.902991962514353,-0.044316115302440846
550.0,0.4948944222294061,1.5,3.057047555291761,0.48530219464370666,True,resolved,3.464694798840917,0.8661736997102293,-0.062395007219114174
550.0,0.4965808091338207,1.5,3.0474879546695006,0.4839419977257249,True,resolved,3.454000551465488,0.863500137866372,-0.06373758875709007
550.0,0.5470044002605323,1.5,2.7862887623397956,0.4450261233557435,True,resolved,3.169826453948521,0.7924566134871303,-0.10102450581548184
550.0,0.5502624373878341,1.5,2.770628908805592,0.4425783613468618,True,resolved,3.1536241137086383,0.7884060284271596,-0.10325006361298959
550.0,0.5792236183029833,1.5,2.6399474000630048,0.4215952738054517,True,resolved,3.0197073816856563,0.7549268454214141,-0.12209513071397562
550.0,0.6046013057825199,1.5,2.5347364579693803,0.40393281148020266,True,resolved,2.9161294615817956,0.7290323653954489,-0.1372531907483726
550.0,0.6081847992181325,1.5,2.5205802723912067,0.40150053287967435,True,resolved,2.9024612779605747,0.7256153194901437,-0.1392935568468004
550.0,0.6353883327016112,1.5,2.4282084323148276,0.3852859629299919,True,resolved,2.8059097370152952,0.7014774342538238,-0.15398629517970264
550.0,0.6682628855998672,1.5,2.334557112577767,0.368204502971888,True,resolved,2.705063628586152,0.676265907146538,-0.16988250627766396
550.0,0.6688298238964329,1.5,2.3330799354879543,0.3679296187537234,True,resolved,2.7034670732853607,0.6758667683213402,-0.1701389068476328
550.0,0.7022713150912545,1.5,2.251541160265827,0.352479890678445,True,resolved,2.6173423634771744,0.6543355908692936,-0.18419945674922486
550.0,0.7386277204483878,1.5,2.175953825330648,0.3376496752095648,True,resolved,2.540722395349785,0.6351805988374463,-0.19710277561011436
550.0,0.7781886018183509,1.5,2.108845752029537,0.3240448151627877,True,resolved,2.473770048042451,0.6184425120106127,-0.20870066446967808
550.0,0.8164016305125923,1.5,2.060173164725663,0.31390372586630283,True,resolved,2.425240398211092,0.606310099552773,-0.21730519748578628
550.0,0.8191458966508958,1.5,2.0572875420432455,0.3132949962136104,True,resolved,2.4223815298932108,0.6055953824733027,-0.21781744489175164
550.0,0.8601031914834406,1.5,2.0254368841497663,0.3065187144203447,True,resolved,2.3895388730342013,0.5973847182585503,-0.22374589130817552
550.0,0.9023647554129298,1.5,2.0163607376788923,0.30456823232125374,True,resolved,2.3749422061075296,0.5937355515268824,-0.22640694573506961
550.0,0.9973793796812823,1.5,2.0987697687821916,0.32196479988229837,True,resolved,2.454792574940988,0.613698143735247,-0.2120451903330771
550.0,1.1005248747756682,1.5,2.356585599893933,0.37228321956198246,True,resolved,2.9455675970122415,0.7363918992530604,-0.13289099763820997
550.0,1.102398582221007,1.5,2.362719584882166,0.37341218123253234,True,resolved,2.9558913523820016,0.7389728380955004,-0.13137152436841243
550.0,1.1584472366059666,1.5,2.5468365147220253,0.40600106784038353,True,resolved,3.2708962333525635,0.8177240583381409,-0.08739322464022023
550.0,1.216369598436265,1.5,2.715556494173563,0.4338588422428512,True,resolved,3.5272656972622576,0.8818164243155644,-0.05462181646094331
550.0,1.218475796513094,1.5,2.7219596694601633,0.4348816860911724,True,resolved,3.532870657347252,0.883217664336813,-0.05393225364647879
550.0,1.3467753774655815,1.5,3.1560135622977357,0.4991388608296555,True,resolved,3.8214254121688422,0.9553563530422106,-0.019834604025997803
550.0,1.4885842809008711,1.5,3.6754634881591435,0.5653121128508856,True,resolved,4.150899050589403,1.0377247626473507,0.01608218018472159
550.0,1.645324972836306,1.5,4.1902840406215205,0.622243462845424,True,resolved,4.907327912371392,1.226831978092848,0.08878508759758995
550.0,1.8185696980492723,1.5,4.716360165661717,0.6736069626628438,True,resolved,5.418399906901652,1.354599976725413,0.1318110638083428
550.0,2.0100562510528768,1.5,5.291407681250768,0.7235712234290097,True,resolved,6.2112252168211155,1.5528063042052789,0.19111728556681315
550.0,2.2217054076787313,1.5,5.917469201465394,0.772136006243125,True,resolved,7.084373419845846,1.7710933549614616,0.24824145361021588
550.0,2.455640192120709,1.5,6.5934340480950295,0.8191116664441047,True,resolved,8.01743853197854,2.004359632994635,0.3019756476404774
550.0,2.714207172704789,1.5,7.36480286855306,0.867161126705412,True,resolved,9.049369537942711,2.262342384485678,0.3545583319954472
550.0,3.0000000000000004,1.5,8.21036303862992,0.9143623607964053,True,resolved,10.248650506177805,2.5621626265444513,0.40860669198531124
550.0,0.3,2.0,4.9840936817656685,0.6975861967914658,True,resolved,5.61807802300086,1.404519505750215,0.14752777499424324
550.0,0.3315885423378064,2.0,4.521548879875399,0.6552872301115091,True,resolved,5.096480282656294,1.2741200706640734,0.10521035701793202
550.0,0.3665032046990376,2.0,4.113595284809691,0.6142215614909513,True,resolved,4.629406886579257,1.1573517216448141,0.06346536202566103
550.0,0.4050942113609619,2.0,3.729324378891074,0.5716301602010829,True,resolved,4.213428349658914,1.0533570874147284,0.022575621712176343
550.0,0.4477486635155488,2.0,3.3767159831863838,0.5284945335041845,True,resolved,3.846133108211387,0.9615332770528467,-0.017035680962327097
550.0,0.4492873987401234,2.0,3.366059853868501,0.5271218341513024,True,resolved,3.8343908802766604,0.9585977200691651,-0.018363608269912356
550.0,0.47293410393697205,2.0,3.2137547967379687,0.5070127378641496,True,resolved,3.6654591348263565,0.9163647837065891,-0.037931609285979044
550.0,0.4948944222294061,2.0,3.0882083241239386,0.48970658925625377,True,resolved,3.5263513111128857,0.8815878277782214,-0.05473441482310387
550.0,0.4965808091338207,2.0,3.079011554422027,0.48841131865711573,True,resolved,3.516319837550454,0.8790799593876135,-0.05597162055595708
550.0,0.5470044002605323,2.0,2.830794323138362,0.4519083160019796,True,resolved,3.2545543744594982,0.8136385936148746,-0.08956845954886236
550.0,0.5502624373878341,2.0,2.816152129088716,0.4496561117766118,True,resolved,3.239985483975145,0.8099963709937863,-0.0915169268755527
550.0,0.5792236183029833,2.0,2.695898018414668,0.43070345949626954,True,resolved,3.1216948850131856,0.7804237212532964,-0.1076695385434828
550.0,0.6046013057825199,2.0,2.6022934795020514,0.4153562735249233,True,resolved,3.033585337278443,0.7583963343196107,-0.12010377481109363
550.0,0.6081847992181325,2.0,2.5900015370089107,0.4133000218087771,True,resolved,3.0222466362299154,0.7555616590574789,-0.12173008844507495
550.0,0.6353883327016112,2.0,2.5042563587374023,0.39867878519582006,True,resolved,2.9446558053982876,0.7361639513495719,-0.13302545300354862
550.0,0.6682628855998672,2.0,2.429378434379976,0.38549517193210747,True,resolved,2.867974135559605,0.7169935338899013,-0.144484760941123
550.0,0.6688298238964329,2.0,2.4282763502850253,0.38529811015210885,True,resolved,2.8667972936798245,0.7166993234199561,-0.14466300551388134
550.0,0.7022713150912545,2.0,2.3718055297659513,0.3750790772673172,True,resolved,2.8073170759798463,0.7018292689949616,-0.15376852398333354
550.0,0.7386277204483878,2.0,2.3319156716555436,0.3677128411140534,True,resolved,2.7643393950686326,0.6910848487671581,-0.16046862832888562
550.0,0.7781886018183509,2.0,2.3178022555099362,0.36507638115122804,True,resolved,2.742927072418813,0.6857317681047033,-0.163845730375684
550.0,0.8164016305125923,2.0,2.339649662910916,0.36915083140356575,True,resolved,2.747817350699358,0.6869543376748395,-0.16307212983261854
550.0,0.8191458966508958,2.0,2.3427150494736546,0.36971946744157747,True,resolved,2.7491663310268666,0.6872915827567166,-0.16285897485231862
550.0,0.8601031914834406,2.0,2.416874028324782,0.3832540148142877,True,resolved,2.816653986319789,0.7041634965799473,-0.1523264922519231
550.0,0.9023647554129298,2.0,2.5417537399342605,0.4051334712500745,True,resolved,3.040937541938552,0.760234385484638,-0.11905249110161999
550.0,0.9973793796812823,2.0,2.8769002339277248,0.45892480154763216,True,resolved,3.7368386800835482,0.9342096700208871,-0.02955564163507422
550.0,1.1005248747756682,2.0,3.339699366038922,0.5237073741328967,True,resolved,4.217072990775465,1.0542682476938663,0.02295112669346476
550.0,1.102398582221007,2.0,3.3490401445585367,0.5249203534090091,True,resolved,4.22197442335901,1.0554936058397526,0.02345560670390902
550.0,1.1584472366059666,2.0,3.6226640775504166,0.5590280646362472,True,resolved,4.389660997258592,1.097415249314648,0.0403709907126128
550.0,1.216369598436265,2.0,3.8925362054306,0.5902326607380638,True,resolved,4.539877428491064,1.134969357122766,0.054984136232100446
550.0,1.218475796513094,2.0,3.902357501202808,0.5913270532921208,True,resolved,4.545267748161297,1.1363169370403243,0.05549947997568379
550.0,1.3467753774655815,2.0,4.492842521740364,0.6525211964390601,True,resolved,5.202444607517069,1.3006111518792673,0.11414747347540508
550.0,1.4885842809008711,2.0,5.115573033769697,0.7088942893609769,True,resolved,5.891657000928796,1.472914250232199,0.16817746392681757
550.0,1.645324972836306,2.0,5.738034819642914,0.7587631793113211,True,resolved,6.749723447570267,1.6874308618925669,0.22722598777644687
550.0,1.8185696980492723,2.0,6.398176088598596,0.806056188429291,True,resolved,7.565015828578794,1.8912539571446985,0.2767498497235412
550.0,2.0100562510528768,2.0,7.172249759726923,0.8556554046188912,True,resolved,8.592390360600227,2.1480975901500567,0.3320540078938569
550.0,2.2217054076787313,2.0,8.019131347781679,0.9041273269753421,True,resolved,9.772083101389239,2.4430207753473097,0.387927160211395
550.0,2.455640192120709,2.0,8.900197377951242,0.9493996380162125,True,resolved,11.050922823238219,2.7627307058095547,0.4413385545941565
550.0,2.714207172704789,2.0,9.868068033212401,0.9942321349752664,True,resolved,12.492486570771977,3.123121642692994,0.4945888999271254
550.0,3.0000000000000004,2.0,11.024217643724565,1.0423477786324509,True,resolved,14.045885237804113,3.511471309451028,0.5454891243547535
550.0,0.3,2.5,4.992458701811655,0.6983144810240636,True,resolved,5.635255879247315,1.4088139698118287,0.1488536494485093
550.0,0.3315885423378064,2.5,4.5329574056340105,0.6563816381883987,True,resolved,5.119765471708386,1.2799413679270966,0.10719007576588498
550.0,0.3665032046990376,2.5,4.12916047888797,0.6158617619595042,True,resolved,4.661030690857439,1.1652576727143598,0.06642197125408647
550.0,0.4050942113609619,2.5,3.751208265165467,0.5741711766277325,True,resolved,4.256499442336386,1.0641248605840965,0.026992589501509234
550.0,0.4477486635155488,2.5,3.4064515923671563,0.5323022217453413,True,resolved,3.905045932997208,0.976261483249302,-0.010433844707497898
550.0,0.4492873987401234,2.5,3.3961600459049444,0.5309881484198432,True,resolved,3.893945387201354,0.9734863468003385,-0.011670135105278708
550.0,0.47293410393697205,2.5,3.249907778818675,0.5118710373732082,True,resolved,3.7355502248141876,0.9338875562035469,-0.029705411414546315
550.0,0.4948944222294061,2.5,3.1309007593501765,0.4956693019351331,True,resolved,3.6074497913592194,0.9018624478398048,-0.044859696049576236
550.0,0.4965808091338207,2.5,3.122247425078405,0.4944673161153896,True,resolved,3.5983159385533887,0.8995789846383472,-0.04596069881467125
550.0,0.5470044002605323,2.5,2.8939825243625044,0.46149590425508247,True,resolved,3.367272828839117,0.8418182072097793,-0.07478168537675124
550.0,0.5502624373878341,2.5,2.880938962042249,0.4595340570554734,True,resolved,3.3549725523837037,0.8387431380959259,-0.07637101984741052
550.0,0.5792236183029833,2.5,2.777228531984381,0.4436116183516635,True,resolved,3.2585911193427197,0.8146477798356799,-0.08903012173534924
550.0,0.6046013057825199,2.5,2.7022707580349166,0.4317288616472665,True,resolved,3.1891605062955994,0.7972901265738999,-0.09838361405918666
550.0,0.6081847992181325,2.5,2.692987100115969,0.4302342730691896,True,resolved,3.180605672283202,0.7951514180708005,-0.0995501621976452
550.0,0.6353883327016112,2.5,2.6335755330249513,0.4205457787806525,True,resolved,3.12578346421426,0.781445866053565,-0.10710110195512183
550.0,0.6682628855998672,2.5,2.590726302705394,0.41342153436625834,True,resolved,3.0829754058927707,0.7707438514731927,-0.11308993112550879
550.0,0.6688298238964329,2.5,2.5903042975165436,0.41335078607720177,True,resolved,3.0824604246766834,0.7706151061691708,-0.11316248187685772
550.0,0.7022713150912545,2.5,2.583608687582557,0.4122267362221037,True,resolved,3.0655558685353457,0.7663889671338364,-0.11555075594854038
550.0,0.7386277204483878,2.5,2.620598857530366,0.41840054735100707,True,resolved,3.0779634560805214,0.7694908640201303,-0.11379653207577459
550.0,0.7781886018183509,2.5,2.7137602859607384,0.43357148257119094,True,resolved,3.204276766586496,0.801069191646624,-0.09632997049187529
550.0,0.8164016305125923,2.5,2.8514878558264973,0.45507152631257786,True,resolved,3.468246170896667,0.8670615427241668,-0.061950075860652744
550.0,0.8191458966508958,2.5,2.862904166425801,0.456806810582183,True,resolved,3.4931198286030263,0.8732799571507566,-0.05884650731973216
550.0,0.8601031914834406,2.5,3.0538897027513157,0.4848533476020361,True,resolved,3.875203240711883,0.9688008101779707,-0.013765506677891335
550.0,0.9023647554129298,2.5,3.283344101250595,0.5163164000742072,True,resolved,4.266877543511942,1.0667193858779855,0.028050187753478655
550.0,0.9973793796812823,2.5,3.8113379994886856,0.5810774648581577,True,resolved,4.758351567772178,1.1895878919430445,0.07539653512966484
550.0,1.1005248747756682,2.5,4.411286695212546,0.6445652840542341,True,resolved,5.116483205722464,1.279120801430616,0.10691156161493003
550.0,1.102398582221007,2.5,4.4225494315805705,0.6456726957915285,True,resolved,5.122675293485398,1.2806688233713495,0.10743683717833476
550.0,1.1584472366059666,2.5,4.761174359545969,0.6777140861168393,True,resolved,5.403811195497902,1.3509527988744754,0.13064017541250966
550.0,1.216369598436265,2.5,5.106740295586128,0.7081437722746206,True,resolved,5.930476467890509,1.4826191169726273,0.17102959563881673
550.0,1.218475796513094,2.5,5.118565542000567,0.7091482686947791,True,resolved,5.951117298734508,1.487779324683627,0.17253851912689813
550.0,1.3467753774655815,2.5,5.796513597744915,0.7631668589910792,True,resolved,6.654029752643336,1.663507438160834,0.221024747101435
550.0,1.4885842809008711,2.5,6.480889236729663,0.8116345990973157,True,resolved,7.670640859550137,1.9176602148875344,0.2827716581672366
550.0,1.645324972836306,2.5,7.265121095550429,0.861242857545401,True,resolved,8.61839131126818,2.154597827817045,0.33336621767088515
550.0,1.8185696980492723,2.5,8.138796083409234,0.9105601674197574,True,resolved,9.766210341630455,2.4415525854076137,0.3876660824216657
550.0,2.0100562510528768,2.5,9.042315093297061,0.9562796366173104,True,resolved,11.109034067289635,2.7772585168224087,0.4436163072633783
550.0,2.2217054076787313,2.5,10.057237775039178,1.002478717918602,True,resolved,12.509783649768465,3.1274459124421163,0.49518980753218805
550.0,2.455640192120709,2.5,11.23244071060345,1.0504741348879685,True,resolved,14.135098575159436,3.533774643789859,0.548238850185126
550.0,2.714207172704789,2.5,12.446544805199284,1.095048806829504,True,resolved,15.910218799897986,3.9775546999744966,0.5996161608475282
550.0,3.0000000000000004,2.5,13.755197102536382,1.138466817912225,True,resolved,17.87321688293419,4.468304220733548,0.6501427340246081
550.0,0.3,3.0,5.002902091678952,0.6992220036909975,True,resolved,5.656331308952527,1.4140828272381318,0.1504748481871695
550.0,0.3315885423378064,3.0,4.5471071449305285,0.6577351877445536,True,resolved,5.148387722823579,1.2870969307058948,0.10961125466314654
550.0,0.3665032046990376,3.0,4.1486398659354,0.6179057363413003,True,resolved,4.700012755201581,1.1750031888003953,0.07003904522608392
550.0,0.4050942113609619,3.0,3.778915282878081,0.5773671558516588,True,resolved,4.3098169817255325,1.0774542454313831,0.03239883671807718
550.0,0.4477486635155488,3.0,3.444588780483581,0.5371373826945638,True,resolved,3.9784371619341385,0.9946092904835346,-0.0023474884107624774
550.0,0.4492873987401234,3.0,3.434799875207072,0.5359014384479247,True,resolved,3.9681556048817557,0.9920389012204389,-0.0034712973477119607
550.0,0.47293410393697205,3.0,3.297047191345248,0.518125163337924,True,resolved,3.823279800469255,0.9558199501173138,-0.019623909015642198
550.0,0.4948944222294061,3.0,3.187508627093496,0.5034513688754327,True,resolved,3.7094451879946826,0.9273612969986706,-0.03275103314439067
550.0,0.4965808091338207,3.0,3.1796535168486586,0.5023797979973307,True,resolved,3.7014810678030714,0.9253702669507679,-0.03368445891723421
550.0,0.5470044002605323,3.0,2.981760828957998,0.4744728051701401,True,resolved,3.508290879788322,0.8770727199470805,-0.056964396870623796
550.0,0.5502624373878341,3.0,2.9712192214244912,0.47293469594457066,True,resolved,3.4984391521339773,0.8746097880334943,-0.05818566663768746
550.0,0.5792236183029833,3.0,2.8937529660010437,0.4614614534997308,True,resolved,3.425764812817065,0.8564412032042662,-0.06730244705976116
550.0,0.6046013057825199,3.0,2.8489164717280957,0.45467971621056935,True,resolved,3.3836574511785074,0.8459143627946268,-0.07267360108420727
550.0,0.6081847992181325,3.0,2.8445259422306317,0.45400989891104493,True,resolved,3.379318282062689,0.8448295705156722,-0.0732308934761849
550.0,0.6353883327016112,3.0,2.8281913625317396,0.451508791574606,True,resolved,3.3593858645460872,0.8398464661365218,-0.07580010084784336
550.0,0.6682628855998672,3.0,2.8533120029521553,0.45534926333314435,True,resolved,3.366593586726907,0.8416483966817268,-0.07486929955974951
550.0,0.6688298238964329,3.0,2.854221549245204,0.4554876807198624,True,resolved,3.3670273645275857,0.8417568411318964,-0.0748133453244781
550.0,0.7022713150912545,3.0,2.936261896021864,0.46779478929734775,True,resolved,3.449682524229837,0.8624206310574593,-0.06428086272408244
550.0,0.7386277204483878,3.0,3.091295222374889,0.4901404826841025,True,resolved,3.7404374178619113,0.9351093544654778,-0.029137598470915297
550.0,0.7781886018183509,3.0,3.333766944382053,0.5229352360718879,True,resolved,4.165661644581439,1.0414154111453597,0.017624000193780597
550.0,0.8164016305125923,3.0,3.586651210242871,0.5546891450528934,True,resolved,4.597627527366144,1.149406881841536,0.06047379305595017
550.0,0.8191458966508958,3.0,3.6019828748528844,0.5565416436932386,True,resolved,4.625745814322268,1.156436453580567,0.06312177319177041
550.0,0.8601031914834406,3.0,3.8419654100549154,0.5845534505074803,True,resolved,4.9883069871616765,1.2470767467904191,0.09589318137104731
550.0,0.9023647554129298,3.0,4.112687402379683,0.6141257008583514,True,resolved,5.17959593813171,1.2948989845329275,0.11223589029289535
550.0,0.9973793796812823,3.0,4.799986648749996,0.6812400293792815,True,resolved,5.576434362771652,1.394108590692913,0.14429660339036263
550.0,1.1005248747756682,3.0,5.523178057141386,0.742189044307776,True,resolved,6.3814852704882705,1.5953713176220676,0.20286177982349782
550.0,1.102398582221007,3.0,5.5356052283623995,0.7431651108459102,True,resolved,6.402137242867152,1.600534310716788,0.2042649885677824
550.0,1.1584472366059666,3.0,5.898943616658111,0.7707742451111245,True,resolved,6.910148701780255,1.7275371754450637,0.2374274018736956
550.0,1.216369598436265,3.0,6.258845126560219,0.7964942051860718,True,resolved,7.220768143268495,1.8051920358171238,0.25652340882312163
550.0,1.218475796513094,3.0,6.271636268008068,0.7973808629133642,True,resolved,7.231858478606358,1.8079646196515895,0.25718992744441843
550.0,1.3467753774655815,3.0,7.041305570139454,0.8476531917185985,True,resolved,8.298771606171947,2.0746929015429867,0.31695382103092
550.0,1.4885842809008711,3.0,7.888734019714705,0.8970073134291635,True,resolved,9.30369863662422,2.325924659156055,0.36659564304818504
550.0,1.645324972836306,3.0,8.805664065594128,0.9447621131878222,True,resolved,10.56220040231016,2.64055010057754,0.42169441200552005
550.0,1.8185696980492723,3.0,9.798101113224297,0.9911419169215748,True,resolved,12.013900671192106,3.0034751677980265,0.4776240456281809
550.0,2.0100562510528768,3.0,10.959007775293543,1.0397712350587698,True,resolved,13.570044471790807,3.3925111179477017,0.5305212796052972
550.0,2.2217054076787313,3.0,12.170798367056747,1.0853190675509308,True,resolved,15.340213097004986,3.8350532742512464,0.583771401284385
550.0,2.455640192120709,3.0,13.462793170274686,1.1291351737505126,True,resolved,17.250151729564138,4.3125379323910344,0.6347329280826433
550.0,2.714207172704789,3.0,15.016836308289102,1.176578446744435,True,resolved,19.40132431934402,4.850331079836005,0.6857713842184223
550.0,3.0000000000000004,3.0,16.676122370792875,1.2220950733555012,True,resolved,21.689428700582237,5.422357175145559,0.734188121522918
550.0,0.3,3.5,5.015811401588917,0.7003411983192513,True,resolved,5.681353249440638,1.4203383123601594,0.15239180191220528
550.0,0.3315885423378064,3.5,4.56412792042624,0.6593578080416853,True,resolved,5.182446615431647,1.2956116538579117,0.11247484577795207
550.0,0.3665032046990376,3.5,4.172329403185698,0.6203785884262443,True,resolved,4.746556888549215,1.1866392221373037,0.07431869902948453
550.0,0.4050942113609619,3.5,3.81308858385246,0.5812768947128079,True,resolved,4.373801972120376,1.093450493030094,0.03879912473939124
550.0,0.4477486635155488,3.5,3.4923993561049227,0.543123899476823,True,resolved,4.067187840403986,1.0167969601009965,0.007234239145739073
550.0,0.4492873987401234,3.5,3.483295213720438,0.5419902830303429,True,resolved,4.057925514691889,1.0144813786729723,0.006244079744135416
550.0,0.47293410393697205,3.5,3.3573794328768196,0.5260004256366677,True,resolved,3.929977017161178,0.9824942542902945,-0.007669980736063599
550.0,0.4948944222294061,3.5,3.2615114599948045,0.5134189088446363,True,resolved,3.8335336904684456,0.9583834226171114,-0.01846070698333018
550.0,0.4965808091338207,3.5,3.2548311381963817,0.5125284621356009,True,resolved,3.8267331507155555,0.9566832876788889,-0.019231812670840964
550.0,0.5470044002605323,3.5,3.1035453099904124,0.4918580902192949,True,resolved,3.676768456919628,0.919192114229907,-0.036593710126045606
550.0,0.5502624373878341,3.5,3.096979516364306,0.4909383329126892,True,resolved,3.6705426283485174,0.9176356570871294,-0.03732971915287713
550.0,0.5792236183029833,3.5,3.0619816086195573,0.48600257783871903,True,resolved,3.633404912278279,0.9083512280695698,-0.041746192317660566
550.0,0.6046013057825199,3.5,3.0671750710354333,0.48673856574924956,True,resolved,3.6280402671014653,0.9070100667753663,-0.04238789274064315
550.0,0.6081847992181325,3.5,3.071002899085012,0.48728022642549446,True,resolved,3.6293735127640043,0.9073433781910011,-0.042228325914680356
550.0,0.6353883327016112,3.5,3.1276997850068518,0.4952250602535041,True,resolved,3.657005061613272,0.914251265403318,-0.03893442988814271
550.0,0.6682628855998672,3.5,3.269267053318308,0.5144503978044205,True,resolved,3.8878508928126063,0.9719627232031516,-0.01235039085316301
550.0,0.6688298238964329,3.5,3.272463182308979,0.5148747691082037,True,resolved,3.8931811496216087,0.9732952874054022,-0.01175537942826297
550.0,0.7022713150912545,3.5,3.5042365521571246,0.544593415369604,True,resolved,4.263694605896828,1.065923651474207,0.02772609875160991
550.0,0.7386277204483878,3.5,3.7250385614499364,0.5711307729066577,True,resolved,4.7487856947949485,1.1871964236987371,0.07452257967160662
550.0,0.7781886018183509,3.5,3.9968423127230475,0.6017170143934168,True,resolved,5.222878702075425,1.3057196755188563,0.11584994842229522
550.0,0.8164016305125923,3.5,4.285965597252878,0.632048680708796,True,resolved,5.502706952968902,1.3756767382422255,0.13851639371700555
550.0,0.8191458966508958,3.5,4.307678300085017,0.6342432624730469,True,resolved,5.516849094330032,1.379212273582508,0.1396311132757645
550.0,0.8601031914834406,3.5,4.6483345924044475,0.6672973815175937,True,resolved,5.725443788774363,1.4313609471935909,0.1557491638841442
550.0,0.9023647554129298,3.5,5.03013916312851,0.7015800003526982,True,resolved,5.930452929929084,1.482613232482271,0.1710278719278967
550.0,0.9973793796812823,3.5,5.792317038974312,0.7628523246857896,True,resolved,6.608562638712783,1.6521406596781958,0.21804701945019558
550.0,1.1005248747756682,3.5,6.572042255756954,0.8177003471219829,True,resolved,7.6420793456230225,1.9105198364057556,0.28115155120884927
550.0,1.102398582221007,3.5,6.585950147434351,0.8186184389820061,True,resolved,7.652952685667845,1.9132381714169613,0.2817690369868697
550.0,1.1584472366059666,3.5,7.000271197033423,0.8451148653133501,True,resolved,8.020522806274183,2.005130701568546,0.3021426867417118
550.0,1.216369598436265,3.5,7.4119947106226745,0.8699351007240045,True,resolved,8.581906800366404,2.145476700091601,0.33152380244986396
550.0,1.218475796513094,3.5,7.426573658420768,0.8707884928384607,True,resolved,8.610769564622084,2.152692391155521,0.3329819757741809
550.0,1.3467753774655815,3.5,8.29427251959014,0.9187783005975494,True,resolved,9.744501460662475,2.4361253651656187,0.38669963371400806
550.0,1.4885842809008711,3.5,9.255686886703637,0.9664086543191355,True,resolved,11.083284532402148,2.770821133100537,0.4426084913489315
550.0,1.645324972836306,3.5,10.354863542317142,1.015144380080349,True,resolved,12.546518104420658,3.1366295261051644,0.4964632262942858
550.0,1.8185696980492723,3.5,11.548193738506754,1.0625140612199946,True,resolved,14.273840318407192,3.568460079601798,0.552480842663459
550.0,2.0100562510528768,3.5,12.803721712435479,1.1073362262291182,True,resolved,16.08032852894327,4.020082132235817,0.6042349260228845
550.0,2.2217054076787313,3.5,14.215916859283977,1.1527748748661972,True,resolved,18.14744632078677,4.5368615801966925,0.6567555291285232
550.0,2.455640192120709,3.5,15.863608051336751,1.2004019710381135,True,resolved,20.380290051706133,5.095072512926533,0.7071503692530954
550.0,2.714207172704789,3.5,17.549107376910488,1.2442550312781342,True,resolved,22.843565388694785,5.710891347173696,0.7567038975537076
550.0,3.0000000000000004,3.5,19.346523376763436,1.2866029324586097,True,resolved,25.453929457829375,6.363482364457344,0.8036948448584278
550.0,0.3,4.0,5.030920602414911,0.7016474633791819,True,resolved,5.7103796205486,1.42759490513715,0.15460498935733383
550.0,0.3315885423378064,4.0,4.584181673423395,0.6612618206089518,True,resolved,5.222061079995376,1.305515269998844,0.11578195592721498
550.0,0.3665032046990376,4.0,4.200600238844027,0.623311352729357,True,resolved,4.800908201706025,1.2002270504265062,0.07926341056420423
550.0,0.4050942113609619,4.0,3.8545571322521233,0.5859744871683458,True,resolved,4.448966857705967,1.1122417144264918,0.04619917918316867
550.0,0.4477486635155488,4.0,3.5571964643258225,0.5511078519769929,True,resolved,4.17238616125592,1.04309654031398,0.018324504960931288
550.0,0.4492873987401234,4.0,3.548196922550228,0.5500077148811277,True,resolved,4.164372176514929,1.0410930441287323,0.017489544828442113
550.0,0.47293410393697205,4.0,3.4340139716323983,0.5358020577994201,True,resolved,4.054263613296493,1.0135659033241233,0.005851992318109327
550.0,0.4948944222294061,4.0,3.358026885694504,0.5260841689497436,True,resolved,3.975240517332635,0.9938101293331587,-0.002696581054888003
550.0,0.4965808091338207,4.0,3.353092888128496,0.5254455845182534,True,resolved,3.9701458827322798,0.9925364706830699,-0.0032535261513428632
550.0,0.5470044002605323,4.0,3.274822732080704,0.5151877963696978,True,resolved,3.8806769441986684,0.9701692360496671,-0.013152500917645004
550.0,0.5502624373878341,4.0,3.274762946538615,0.5151798677670956,True,resolved,3.879084666415014,0.9697711666037535,-0.013330732543693408
550.0,0.5792236183029833,4.0,3.3110649580413725,0.5199677010305926,True,resolved,3.887908310557676,0.971977077639419,-0.012343977020328087
550.0,0.6046013057825199,4.0,3.4034696375296596,0.5319218806018062,True,resolved,3.94887754945439,0.9872193873635975,-0.00558632439840166
550.0,0.6081847992181325,4.0,3.421864302840968,0.5342627832016117,True,resolved,3.9833502679656876,0.9958375669914219,-0.001811494419932535
550.0,0.6353883327016112,4.0,3.5774567613361348,0.5535743933957267,True,resolved,4.26986632955641,1.0674665823891025,0.028354288089399916
550.0,0.6682628855998672,4.0,3.7873924913275903,0.5783403138309281,True,resolved,4.726559298245994,1.1816398245614985,0.0724851194872419
550.0,0.6688298238964329,4.0,3.791347140555759,0.5787935508009151,True,resolved,4.7349330108126,1.18373325270315,0.07325384771560946
550.0,0.7022713150912545,4.0,4.041707078413137,0.6065648349490523,True,resolved,5.243214497772716,1.310803624443179,0.11753763355981672
550.0,0.7386277204483878,4.0,4.3485488320392784,0.6383443513489616,True,resolved,5.704635817934188,1.426158954483547,0.15416793309498336
550.0,0.7781886018183509,4.0,4.72141804628917,0.6740724556650298,True,resolved,5.963841817071933,1.4909604542679833,0.1734661245254554
550.0,0.8164016305125923,4.0,5.103958381037799,0.7079071243809508,True,resolved,6.1918173154829965,1.5479543288707491,0.18975814303161753
550.0,0.8191458966508958,4.0,5.129387056387901,0.7100654715576875,True,resolved,6.207918116543308,1.551979529135827,0.19088598854460345
550.0,0.8601031914834406,4.0,5.511474699923493,0.7412678181528306,True,resolved,6.420356230883553,1.6050890577208883,0.20549913406409104
550.0,0.9023647554129298,4.0,5.904653667553361,0.7711944295225248,True,resolved,6.697669811800459,1.6744174529501148,0.22386374213451493
550.0,0.9973793796812823,4.0,6.762170585921911,0.8300861222993334,True,resolved,7.92873874069367,1.9821846851734175,0.29714411635259086
550.0,1.1005248747756682,4.0,7.629732525534785,0.8825093132208807,True,resolved,8.724576515188929,2.181144128797232,0.3386843644659887
550.0,1.102398582221007,4.0,7.644653602938552,0.8833578112995961,True,resolved,8.742075227054965,2.185518806763741,0.3395545480201683
550.0,1.1584472366059666,4.0,8.080757681598973,0.9074520837337688,True,resolved,9.480902133309087,2.3702255333272717,0.37478967226300247
550.0,1.216369598436265,4.0,8.520729004880002,0.9304767531296748,True,resolved,10.02452114441519,2.5061302861037973,0.3990036448964174
550.0,1.218475796513094,4.0,8.536690733558075,0.9312895481263621,True,resolved,10.039199530298248,2.509799882574562,0.3996390946450369
550.0,1.3467753774655815,4.0,9.527807127427065,0.9789929570870272,True,resolved,11.446909571593112,2.861727392898278,0.45662826066107265
550.0,1.4885842809008711,4.0,10.691602104020316,1.0290427877908386,True,resolved,12.956079717387246,3.2390199293468114,0.5104136201863797
550.0,1.645324972836306,4.0,11.903159194331412,1.0756622419451873,True,resolved,14.58525218480722,3.646313046201805,0.5618539513189112
550.0,1.8185696980492723,4.0,13.200609075792089,1.1205939700053225,True,resolved,16.561833913279763,4.140458478319941,0.6170484337730504
550.0,2.0100562510528768,4.0,14.714107181598207,1.1677339152382953,True,resolved,18.668467012500635,4.667116753125159,0.6690486653813573
550.0,2.2217054076787313,4.0,16.377573658307597,1.2142495613523119,True,resolved,20.95988901470286,5.239972253675715,0.7193289873449035
550.0,2.455640192120709,4.0,18.09185783358873,1.2574831663870298,True,resolved,23.520018713326433,5.880004678331608,0.7693776716157292
550.0,2.714207172704789,4.0,19.99006995994481,1.300814314036317,True,resolved,26.29084363962687,6.572710909906718,0.8177445309577894
550.0,3.0000000000000004,4.0,nan,nan,False,upper_censored,29.124405288530937,7.281101322132734,0.8621970746358532
550.0,0.3,4.5,5.048327089927607,0.7031474858455479,True,resolved,5.7434781013733565,1.4358695253433391,0.1571149782086278
550.0,0.3315885423378064,4.5,4.607461116139504,0.66346167875442,True,resolved,5.267370398782428,1.316842599695607,0.11953386746834663
550.0,0.3665032046990376,4.5,4.2339144657257135,0.6267420800795767,True,resolved,4.863357136830164,1.215839284207541,0.08487617148709299
550.0,0.4050942113609619,4.5,3.904379337971302,0.5915520058144325,True,resolved,4.535923784690776,1.133980946172694,0.054605757342092116
550.0,0.4477486635155488,4.5,3.637667571462578,0.5608230085053795,True,resolved,4.291623284510339,1.0729058211275848,0.030561601593448853
550.0,0.4492873987401234,4.5,3.6301191073167196,0.559920874843766,True,resolved,4.284695409451628,1.071173852362907,0.029859962890153205
550.0,0.47293410393697205,4.5,3.534417439562816,0.5483178414334292,True,resolved,4.195687885091467,1.0489219712728668,0.02074318246807947
550.0,0.4948944222294061,4.5,3.48473818834229,0.5421701547067815,True,resolved,4.141806383023892,1.035451595755973,0.01512980174475435
550.0,0.4965808091338207,4.5,3.4824492404104164,0.5418847949394129,True,resolved,4.138802734756115,1.0347006836890287,0.014814736051655845
550.0,0.5470044002605323,4.5,3.520141560901666,0.5465601287855892,True,resolved,4.1248289400445435,1.0312072350111359,0.013345951391884742
550.0,0.5502624373878341,4.5,3.529692139630318,0.5477368277984914,True,resolved,4.1291241568380554,1.0322810392095139,0.01379795035492379
550.0,0.5792236183029833,4.5,3.652264092534559,0.5625621735127689,True,resolved,4.289844030386941,1.0724610075967353,0.03038151111931127
550.0,0.6046013057825199,4.5,3.8068158905494633,0.5805618734910404,True,resolved,4.6009791529357305,1.1502447882339326,0.06079027415037704
550.0,0.6081847992181325,4.5,3.8317038981803715,0.5833919408149258,True,resolved,4.64875776775831,1.1621894419395775,0.06527692571623842
550.0,0.6353883327016112,4.5,4.041329298687017,0.6065242393998319,True,resolved,5.10187273515377,1.2754681837884425,0.10566962972162124
550.0,0.6682628855998672,4.5,4.337010733040481,0.637190496922681,True,resolved,5.656314017469093,1.4140785043672732,0.15047352054087232
550.0,0.6688298238964329,4.5,4.342452053149684,0.6377350319164939,True,resolved,5.665358462452306,1.4163396156130765,0.15116740271961096
550.0,0.7022713150912545,4.5,4.683073411451604,0.6705309657979773,True,resolved,6.109403399453094,1.5273508498632735,0.18393881089888803
550.0,0.7386277204483878,4.5,5.081463307825755,0.7059887939772134,True,resolved,6.354271233797977,1.5885678084494943,0.20100575753705172
550.0,0.7781886018183509,4.5,5.486671364046377,0.7393089479752789,True,resolved,6.622980369466452,1.655745092366613,0.21899347647069517
550.0,0.8164016305125923,4.5,5.889765934769023,0.7700980358298702,True,resolved,6.841625281229983,1.7104063203074957,0.23309929267620763
550.0,0.8191458966508958,4.5,5.918876745803361,0.7722392963538767,True,resolved,6.857752244323918,1.7144380610809795,0.23412179961914367
550.0,0.8601031914834406,4.5,6.353320743773168,0.8030007809978718,True,resolved,7.199611003848496,1.799902750962124,0.2552490407358206
550.0,0.9023647554129298,4.5,6.800147936481118,0.8325183608383779,True,resolved,7.879730119823158,1.9699325299557895,0.2944513518622619
550.0,0.9973793796812823,4.5,7.728545320475727,0.8880977579879257,True,resolved,8.876841782810775,2.2192104457026938,0.34619848793449215
550.0,1.1005248747756682,4.5,8.628183340566173,0.9359193648670197,True,resolved,10.176388214845845,2.5440970537114613,0.4055336750138551
550.0,1.102398582221007,4.5,8.64417672735452,0.9367236373100332,True,resolved,10.202574800570126,2.5506437001425315,0.4066497961757401
550.0,1.1584472366059666,4.5,9.122875941800247,0.9601317691137216,True,resolved,10.73785412442707,2.6844635311067675,0.4288575083749973
550.0,1.216369598436265,4.5,9.631590488732387,0.9836980091852833,True,resolved,11.409263290104342,2.8523158225260854,0.4551976110769329
550.0,1.218475796513094,4.5,9.650602507809735,0.9845544281260435,True,resolved,11.441748006346044,2.860437001586511,0.45643238728272784
550.0,1.3467753774655815,4.5,10.84053422134149,1.0350506847543903,True,resolved,12.98380503301341,3.2459512582533523,0.5113419941006444
550.0,1.4885842809008711,4.5,12.07438569839848,1.0818650446341291,True,resolved,14.769934854714867,3.6924837136787168,0.567318588459258
550.0,1.645324972836306,4.5,13.395622537980492,1.1269629014848952,True,resolved,16.663539322023876,4.165884830505969,0.6197072593306125
550.0,1.8185696980492723,4.5,14.959200916714897,1.1749083952176087,True,resolved,18.837044926277052,4.709261231569263,0.6729527822418921
550.0,2.0100562510528768,4.5,16.63470628495033,1.2210151370382374,True,resolved,21.186375983559174,5.296593995889793,0.7239966838847152
550.0,2.2217054076787313,4.5,18.372759355043833,1.2641743867181365,True,resolved,23.825590383752626,5.9563975959381565,0.7749836796709314
550.0,2.455640192120709,4.5,nan,nan,False,upper_censored,26.640805750775133,6.660201437693783,0.8234873645991116
550.0,2.714207172704789,4.5,nan,nan,False,upper_censored,29.64455002351626,7.411137505879065,0.8698848712198769
550.0,3.0000000000000004,4.5,nan,nan,False,upper_censored,32.636912271677375,8.159228067919344,0.9116490727610816
550.0,0.3,5.0,5.068145130701242,0.7048490427860375,True,resolved,5.780726517546596,1.445181629386649,0.15992243234054898
550.0,0.3315885423378064,5.0,4.634198848506496,0.6659746649645949,True,resolved,5.318535863513132,1.329633965878283,0.12373210075794941
550.0,0.3665032046990376,5.0,4.272837424678233,0.6307163688508169,True,resolved,4.934240692942923,1.2335601732357306,0.09116033928732142
550.0,0.4050942113609619,5.0,3.963902092264553,0.5981229189428128,True,resolved,4.635394441579453,1.1588486103948632,0.06402670432898702
550.0,0.4477486635155488,5.0,3.736071969955295,0.5724152336858378,True,resolved,4.425806239875548,1.106451559968887,0.04393240543118457
550.0,0.4492873987401234,5.0,3.730371041700929,0.5717520310979727,True,resolved,4.420525368133363,1.1051313420333408,0.043413895876868835
550.0,0.47293410393697205,5.0,3.6677194259256765,0.5643961055059311,True,resolved,4.359257338056096,1.089814334514024,0.03735251595513294
550.0,0.4948944222294061,5.0,3.656377534871584,0.5630510319322395,True,resolved,4.3358049092826905,1.0839512273206726,0.03500974144403725
550.0,0.4965808091338207,5.0,3.6573926112226385,0.5631715831806375,True,resolved,4.335350685495119,1.0838376713737798,0.03496424188345029
550.0,0.5470044002605323,5.0,3.818993479006884,0.5819489168091008,True,resolved,4.490690903108397,1.1226727257770992,0.050253172019284156
550.0,0.5502624373878341,5.0,3.8378003370669274,0.5840823766616571,True,resolved,4.531531660903632,1.132882915225908,0.05418502734011534
550.0,0.5792236183029833,5.0,4.045934930614862,0.6070188938816107,True,resolved,4.94001743660478,1.235004359151195,0.09166849051225835
550.0,0.6046013057825199,5.0,4.27762379217096,0.6312025866476949,True,resolved,5.411240246483925,1.3528100616209813,0.1312368246977731
550.0,0.6081847992181325,5.0,4.313376777159819,0.6348173957982819,True,resolved,5.4803649799669145,1.3700912449917286,0.13674949115409926
550.0,0.6353883327016112,5.0,4.605415193311113,0.6632687893723135,True,resolved,5.98749687357251,1.4968742183931274,0.175185308323791
550.0,0.6682628855998672,5.0,5.002905502779957,0.699222299803496,True,resolved,6.457793972254817,1.6144484930637042,0.20802419395829697
550.0,0.6688298238964329,5.0,5.00863290375215,0.6997192022391099,True,resolved,6.462726257224168,1.615681564306042,0.2083557695003603
550.0,0.7022713150912545,5.0,5.363646033167499,0.7294601094266738,True,resolved,6.7076942696741115,1.6769235674185279,0.22451326832770732
550.0,0.7386277204483878,5.0,5.778120644235734,0.7617866054519056,True,resolved,6.98392669163226,1.745981672908065,0.24203968072311902
550.0,0.7781886018183509,5.0,6.247616257093633,0.7957143463262157,True,resolved,7.235799941186879,1.8089499852967197,0.2574265594469206
550.0,0.8164016305125923,5.0,6.7092475921041785,0.8266738189887813,True,resolved,7.596335539688462,1.8990838849221154,0.2785441484938272
550.0,0.8191458966508958,5.0,6.74261592255154,0.8288284218051936,True,resolved,7.642143081176702,1.9105357702941754,0.2811551732445003
550.0,0.8601031914834406,5.0,7.226067558357095,0.8589020175813721,True,resolved,8.386960252225247,2.0967400630563118,0.3215445934708073
550.0,0.9023647554129298,5.0,7.688177003811694,0.8858233734760175,True,resolved,8.970806816758978,2.2427017041897446,0.35077151306606186
550.0,0.9973793796812823,5.0,8.639197207885418,0.9364733878048266,True,resolved,9.908228890285333,2.477057222571333,0.3939360393512472
550.0,1.1005248747756682,5.0,9.630457067665684,0.9836468995081766,True,resolved,11.335409108616137,2.833852277154034,0.4523772076302263
550.0,1.102398582221007,5.0,9.64901337925023,0.9844829085921807,True,resolved,11.35588692440064,2.83897173110016,0.4531610680847393
550.0,1.1584472366059666,5.0,10.220241608265246,1.0094611627161203,True,resolved,12.10340893625741,3.0258522340643523,0.4808477156576273
550.0,1.216369598436265,5.0,10.814542540858564,1.0340081533467504,True,resolved,12.929285148515946,3.2323212871289866,0.5095145223662599
550.0,1.218475796513094,5.0,10.83601257190045,1.0348695002282242,True,resolved,12.94972155430904,3.23743038857726,0.5102004389636574
550.0,1.3467753774655815,5.0,12.093141180242135,1.0825391230324928,True,resolved,14.657474700351994,3.6643686750879985,0.5639991619121572
550.0,1.4885842809008711,5.0,13.420848033013867,1.1277799587854511,True,resolved,16.55077328930902,4.137693322327255,0.6167582984716429
550.0,1.645324972836306,5.0,15.003445459814206,1.1761910038795556,True,resolved,18.738836760394094,4.684709190098523,0.6706826366207129
550.0,1.8185696980492723,5.0,16.681865866437835,1.222244624849575,True,resolved,21.128116669013274,5.282029167253318,0.722800795042468
550.0,2.0100562510528768,5.0,18.432489776284662,1.2655840016905904,True,resolved,23.771093377481268,5.942773344370317,0.7739891667101048
550.0,2.2217054076787313,5.0,nan,nan,False,upper_censored,26.66275680405164,6.66568920101291,0.8238450600848142
550.0,2.455640192120709,5.0,nan,nan,False,upper_censored,29.732777598695776,7.433194399673944,0.8711754910165463
550.0,2.714207172704789,5.0,nan,nan,False,upper_censored,32.94989828523815,8.237474571309537,0.9157940869578179
550.0,3.0000000000000004,5.0,nan,nan,False,upper_censored,36.026457549037495,9.006614387259374,0.9545615690865566
550.0,0.3,5.5,5.090505930846841,0.7067609477701234,True,resolved,5.822212994806615,1.4555532487016538,0.16302809791930764
550.0,0.3315885423378064,5.5,4.664669173047376,0.6688208482079713,True,resolved,5.375740469373707,1.3439351173434269,0.12837830230418684
550.0,0.3665032046990376,5.5,4.318068850074387,0.6352895627247062,True,resolved,5.01394763369029,1.2534869084225726,0.09811980249086348
550.0,0.4050942113609619,5.5,4.034848967475761,0.6058272828450828,True,resolved,4.744066457261655,1.1860166143154138,0.07409077288571883
550.0,0.4477486635155488,5.5,3.856520452808551,0.5861956389575432,True,resolved,4.578716394419723,1.1446790986049307,0.05868375284332644
550.0,0.4492873987401234,5.5,3.8531813324367166,0.5858194475864715,True,resolved,4.57537936318215,1.1438448407955375,0.05836711767695082
550.0,0.47293410393697205,5.5,3.832842605747663,0.5835209854795674,True,resolved,4.5470906987049995,1.1367726746762499,0.05567362563374312
550.0,0.4948944222294061,5.5,3.871594878617146,0.5878899066978267,True,resolved,4.5603347658086735,1.1400836914521684,0.05693673326783483
550.0,0.4965808091338207,5.5,3.8768981380891643,0.5884843904715009,True,resolved,4.562978791347432,1.140744697836858,0.05718845885557188
550.0,0.5470044002605323,5.5,4.1928372652123445,0.622508006645922,True,resolved,5.088541175937554,1.2721352939843884,0.10453330180473949
550.0,0.5502624373878341,5.5,4.223069141862605,0.6256281919348725,True,resolved,5.141677830980259,1.2854194577450648,0.1090448696582101
550.0,0.5792236183029833,5.5,4.535568477396635,0.6566317282480895,True,resolved,5.732754760765197,1.4331886901912994,0.15630337233325078
550.0,0.6046013057825199,5.5,4.859973735240633,0.6866339222106711,True,resolved,6.255829408827674,1.5639573522069186,0.19422490604241366
550.0,0.6081847992181325,5.5,4.908783059600275,0.6909738391684417,True,resolved,6.325216340936476,1.581304085234119,0.19901539291801537
550.0,0.6353883327016112,5.5,5.219599073400808,0.7176371453592073,True,resolved,6.755769722769149,1.6889424306922873,0.2276148464574672
550.0,0.6682628855998672,5.5,5.602537304242673,0.7483847569470019,True,resolved,7.025944627546396,1.756486156886599,0.24464473140589635
550.0,0.6688298238964329,5.5,5.609455328341374,0.7489206938088026,True,resolved,7.029865862966234,1.7574664657415584,0.2448870469878271
550.0,0.7022713150912545,5.5,6.032940827304296,0.7805290656609674,True,resolved,7.309045163371424,1.827261290842856,0.2618006541163327
550.0,0.7386277204483878,5.5,6.516938563819596,0.8140436268541382,True,resolved,7.564878589750373,1.8912196474375933,0.2767419710081662
550.0,0.7781886018183509,5.5,7.055018796308569,0.8484981751594265,True,resolved,7.963068027713916,1.990767006928479,0.29902043454956384
550.0,0.8164016305125923,5.5,7.5306918101804685,0.8768348746791902,True,resolved,8.715438563892988,2.178859640973247,0.33822925451695396
550.0,0.8191458966508958,5.5,7.564201721738128,0.8787631020700928,True,resolved,8.776068428165155,2.194017107041289,0.3412400095033546
550.0,0.8601031914834406,5.5,8.051537769136681,0.9058788345132561,True,resolved,9.405859827972888,2.351464956993222,0.37133851100135246
550.0,0.9023647554129298,5.5,8.52835741790578,0.9308653930628309,True,resolved,9.815648946930137,2.4539122367325343,0.3898590262865224
550.0,0.9973793796812823,5.5,9.547634299397506,0.9798957759824644,True,resolved,11.283143012646102,2.8207857531615255,0.4503701014856782
550.0,1.1005248747756682,5.5,10.690182761938766,1.0289851300752906,True,resolved,12.6186452796282,3.15466131990705,0.4989527408255606
550.0,1.102398582221007,5.5,10.710952848584087,1.0298281074775135,True,resolved,12.653956150035297,3.1634890375088243,0.5001663338298841
550.0,1.1584472366059666,5.5,11.328015818577875,1.054153846800168,True,resolved,13.546196920927116,3.386549230231779,0.5297573933227433
550.0,1.216369598436265,5.5,11.95362841768037,1.0774997515261742,True,resolved,14.322319379622003,3.580579844905501,0.553953362691743
550.0,1.218475796513094,5.5,11.976136164805062,1.078316725151236,True,resolved,14.358749838937507,3.589687459734377,0.5550566378759509
550.0,1.3467753774655815,5.5,13.311449412858005,1.1242253460633347,True,resolved,16.334250511581438,4.083562627895359,0.6110392205687717
550.0,1.4885842809008711,5.5,14.876109456777824,1.1724893651897403,True,resolved,18.426772890703866,4.6066932226759665,0.6633892918847382
550.0,1.645324972836306,5.5,16.558300574136997,1.2190157618481627,True,resolved,20.829973773133414,5.2074934432833535,0.7166287318031437
550.0,1.8185696980492723,5.5,18.31300007869402,1.2627594972723544,True,resolved,23.428194769549698,5.8570486923874245,0.7676788345362864
550.0,2.0100562510528768,5.5,nan,nan,False,upper_censored,26.346164419937182,6.5865411049842955,0.8186574064936535
550.0,2.2217054076787313,5.5,nan,nan,False,upper_censored,29.46048282237692,7.36512070559423,0.8671798688085127
550.0,2.455640192120709,5.5,nan,nan,False,upper_censored,32.78136555389867,8.195341388474667,0.9135670494309396
550.0,2.714207172704789,5.5,nan,nan,False,upper_censored,36.088041130215274,9.022010282553818,0.9553033177355155
550.0,3.0000000000000004,5.5,nan,nan,False,upper_censored,39.45996645682506,9.864991614206264,0.9940967204138061
550.0,0.3,6.0,5.115558728956166,0.7088930749300174,True,resolved,5.868036204803768,1.467009051200942,0.16643279337600062
550.0,0.3315885423378064,6.0,4.699199247291907,0.6720238596143316,True,resolved,5.439191682922568,1.359797920730642,0.13347437275815477
550.0,0.3665032046990376,6.0,4.370464477485032,0.6405275947025257,True,resolved,5.102921625851756,1.275730406462939,0.10575890686484317
550.0,0.4050942113609619,6.0,4.119435123926371,0.6148376676397239,True,resolved,4.864041311301842,1.2160103278254606,0.08493726350461102
550.0,0.4477486635155488,6.0,4.004529083591813,0.6025514521500462,True,resolved,4.7519403224902,1.18798508062255,0.07481098656774565
550.0,0.4492873987401234,6.0,4.00423886616481,0.6025199766901639,True,resolved,4.750889050885543,1.1877222627213857,0.07471489698414734
550.0,0.47293410393697205,6.0,4.038545770743352,0.6062250093093682,True,resolved,4.761695763796251,1.1904239409490627,0.0757016525075125
550.0,0.4948944222294061,6.0,4.141864747679595,0.617195912931294,True,resolved,4.854142186249471,1.2135355465623678,0.08405250209340605
550.0,0.4965808091338207,6.0,4.152682776753899,0.6183287566414851,True,resolved,4.878587811647289,1.2196469529118223,0.08623413510790823
550.0,0.5470044002605323,6.0,4.664567847291449,0.6688114143782637,True,resolved,5.819168392566654,1.4547920981416635,0.16280093347231397
550.0,0.5502624373878341,6.0,4.709099826211476,0.6729378969649712,True,resolved,5.891135194024483,1.4727837985061207,0.16813899802577123
550.0,0.5792236183029833,6.0,5.1030178381663305,0.7078270864595417,True,resolved,6.541792466705127,1.6354481166762818,0.21363677102376097
550.0,0.6046013057825199,6.0,5.397251258198569,0.7321726362436832,True,resolved,7.010957163301491,1.7527392908253727,0.24371732226822027
550.0,0.6081847992181325,6.0,5.440721996271534,0.7356565353950113,True,resolved,7.054531394524515,1.7636328486311288,0.2464081792030379
550.0,0.6353883327016112,6.0,5.7876290093667855,0.7625006847917385,True,resolved,7.304184679249546,1.8260461698123864,0.261511754053296
550.0,0.6682628855998672,6.0,6.246384740609559,0.7956287307071299,True,resolved,7.598139567161188,1.899534891790297,0.2786472753441829
550.0,0.6688298238964329,6.0,6.254616784405475,0.796200705953268,True,resolved,7.603115875255348,1.900778968813837,0.27893161807244404
550.0,0.7022713150912545,6.0,6.754952928070008,0.8296223269848922,True,resolved,7.863298366281667,1.9658245915704167,0.29354476359193177
550.0,0.7386277204483878,6.0,7.281798757075716,0.8622386724145659,True,resolved,8.223971351975152,2.055992837993788,0.31302159747051694
550.0,0.7781886018183509,6.0,7.813692625803194,0.8928563229953508,True,resolved,9.024783017608652,2.256195754402163,0.35337677765548847
550.0,0.8164016305125923,6.0,8.309202200819998,0.9195593274646823,True,resolved,9.73738737186758,2.434346842966895,0.3863824560859783
550.0,0.8191458966508958,6.0,8.344051122988207,0.9213769562961902,True,resolved,9.772426012072472,2.443106503018118,0.3879423997056862
550.0,0.8601031914834406,6.0,8.852193356706067,0.9470508915671686,True,resolved,10.211708238961899,2.5529270597404747,0.40703840665511226
550.0,0.9023647554129298,6.0,9.358022446319326,0.9711840825638908,True,resolved,10.7385762430897,2.684644060772425,0.4288867136149008
550.0,0.9973793796812823,6.0,10.499170348734872,1.0211549821935517,True,resolved,12.321349712006624,3.080337428001656,0.4885982928291821
550.0,1.1005248747756682,6.0,11.720890360011673,1.0689606034698602,True,resolved,14.032666636788969,3.5081666591972422,0.5450802168064512
550.0,1.102398582221007,6.0,11.742947478830011,1.069777118472818,True,resolved,14.06014367042544,3.51503591760636,0.545929767119299
550.0,1.1584472366059666,6.0,12.397656706801417,1.093339606494828,True,resolved,14.843916634253436,3.710979158563359,0.5694885152902154
550.0,1.216369598436265,6.0,13.06300165691666,1.1160429819353055,True,resolved,15.88033598713906,3.970083996784765,0.5987996954165694
550.0,1.218475796513094,6.0,13.087123752533296,1.1168442091436355,True,resolved,15.90794191246427,3.9769854781160676,0.5995540051711518
550.0,1.3467753774655815,6.0,14.610078853013864,1.1646525598998265,True,resolved,17.913243356902182,4.4783108392255455,0.6511142346372236
550.0,1.4885842809008711,6.0,16.296976211946863,1.2121070316256024,True,resolved,20.345543052670926,5.086385763167732,0.7064092949788553
550.0,1.645324972836306,6.0,18.03973329680032,1.2562301125527005,True,resolved,22.925696571033296,5.731424142758324,0.7582625487549971
550.0,1.8185696980492723,6.0,19.971561598599703,1.300412024166634,True,resolved,25.742367404896633,6.435591851224158,0.8085884931053814
550.0,2.0100562510528768,6.0,nan,nan,False,upper_censored,28.880586802790823,7.220146700697706,0.8585460217602554
550.0,2.2217054076787313,6.0,nan,nan,False,upper_censored,32.27360000245083,8.068400000612707,0.9067874207445757
550.0,2.455640192120709,6.0,nan,nan,False,upper_censored,35.758612848548196,8.939653212137049,0.9513206719305448
550.0,2.714207172704789,6.0,nan,nan,False,upper_censored,39.16272926721803,9.790682316804508,0.9908129590245179
550.0,3.0000000000000004,6.0,nan,nan,False,upper_censored,43.00984296766255,10.752460741915637,1.0315078655855312
400.0,0.3,3.0,3.6694637482092607,0.564602601524557,True,resolved,4.158741464152058,1.0396853660380145,0.016901931157160852
400.0,0.3315885423378064,3.0,3.3318064397293004,0.5226797632631967,True,resolved,3.805708083078088,0.951427020769522,-0.0216245186671571
400.0,0.3665032046990376,3.0,3.054639197902297,0.4849599204333059,True,resolved,3.5023628522403154,0.8755907130600789,-0.057698853417663294
400.0,0.3831535810437724,3.0,2.9419710779305315,0.46863839892960907,True,resolved,3.3840544702852835,0.8460136175713209,-0.07262264643085273
400.0,0.4033195589934446,3.0,2.81916141039012,0.4501199420067367,True,resolved,3.2605039691519226,0.8151259922879807,-0.08877525809878285
400.0,0.4050942113609619,3.0,2.8091009499582893,0.4485673466141998,True,resolved,3.25059951370735,0.8126498784268374,-0.09009652527720456
400.0,0.42348553694311686,3.0,2.710739757712485,0.43308782550577773,True,resolved,3.156633660929379,0.7891584152323448,-0.10283580800037488
400.0,0.4477486635155488,3.0,2.599859808744162,0.41494993030531324,True,resolved,3.0555672715607374,0.7638918178901843,-0.11696814171230425
400.0,0.4692653833386818,3.0,2.5210448317189877,0.4015805688002264,True,resolved,2.983478933445914,0.7458697333614785,-0.12733701572082806
400.0,0.4939635614091387,3.0,2.460458065738939,0.39101596763330826,True,resolved,2.921502048633769,0.7303755121584422,-0.1364537961429017
400.0,0.4948944222294061,3.0,2.4587614202084866,0.3907163900995374,True,resolved,2.9196065944682816,0.7299016486170704,-0.13673565541447613
400.0,0.5186617394795957,3.0,2.4260480167532195,0.3848993922455557,True,resolved,2.881892314117505,0.7204730785293763,-0.14238224255932552
400.0,0.5418609907839217,3.0,2.4178410688077063,0.38342775011933644,True,resolved,2.8648938913445505,0.7162234728361376,-0.144951449930984
400.0,0.5470044002605323,3.0,2.419291663643518,0.3836882289552094,True,resolved,2.8638033882988556,0.7159508470747139,-0.14511679274378975
400.0,0.570379990298865,3.0,2.447044629683055,0.3886418901725201,True,resolved,2.871410584424898,0.7178526461062245,-0.14396469440761875
400.0,0.5988989898138083,3.0,2.5262108097794846,0.40246958917411396,True,resolved,2.941899141460927,0.7354747853652317,-0.13343221180722317
400.0,0.6046013057825199,3.0,2.5457729842265704,0.40581967343646463,True,resolved,2.9842079652726308,0.7460519913181577,-0.12723090609865004
400.0,0.6636414694697732,3.0,2.8186340986947616,0.45003870154321296,True,resolved,3.552488186879413,0.8881220467198533,-0.05152734888936002
400.0,0.6682628855998672,3.0,2.844483159297987,0.45400336688016363,True,resolved,3.603564525741968,0.900891131435492,-0.04532768834785219
400.0,0.6985699678629192,3.0,3.0255306257896706,0.4808015534159067,True,resolved,3.9448492851698957,0.9862123212924739,-0.006029575891370341
400.0,0.7334984662560653,3.0,3.2594981552803333,0.5131507395864225,True,resolved,4.254042492258267,1.0635106230645668,0.026741832287906796
400.0,0.7386277204483878,3.0,3.295931184878642,0.5179781355677155,True,resolved,4.280814906184768,1.070203726546192,0.02946645889354336
400.0,0.8164016305125923,3.0,3.843379260842933,0.5847132423265051,True,resolved,4.627239500050531,1.1568098750126328,0.06326198728550934
400.0,0.9023647554129298,3.0,4.447388013727518,0.648105021256805,True,resolved,5.053390751335199,1.2633476878337997,0.10152288984861536
400.0,0.9385307666773636,3.0,4.699759501371367,0.6720756345528047,True,resolved,5.442148924323504,1.360537231080876,0.13371043074035724
400.0,0.9879271228182774,3.0,5.039424868299735,0.70238097478356,True,resolved,5.892994613373369,1.4732486533433422,0.168276052790555
400.0,0.9973793796812823,3.0,5.100648861952719,0.7076254269294817,True,resolved,5.947879262063067,1.4869698155157667,0.17230215272639793
400.0,1.0373234789591914,3.0,5.351324312293072,0.7284612718061092,True,resolved,6.157891763130459,1.5394729407826147,0.18737205973998103
400.0,1.102398582221007,3.0,5.738603089611715,0.7588061878150022,True,resolved,6.583480016205109,1.6458700040512773,0.21639553029745542
400.0,1.218475796513094,3.0,6.402125274631153,0.8063241680194114,True,resolved,7.532651033848277,1.8831627584620692,0.27488785695095946
400.0,1.3467753774655815,3.0,7.176010866690565,0.855883087692136,True,resolved,8.584618096386942,2.1461545240967355,0.3316609881548798
400.0,1.4885842809008711,3.0,8.035371135118433,0.9050059406154317,True,resolved,9.7204193585513,2.430104839637825,0.38562501034482344
400.0,1.645324972836306,3.0,8.91853795486606,0.9502936648944523,True,resolved,10.990339343770701,2.7475848359426753,0.43895111081817084
400.0,1.8185696980492723,3.0,9.9002114987571,0.9956444725533078,True,resolved,12.433051252933986,3.1082628132334964,0.4925177326229461
400.0,2.0100562510528768,3.0,11.060229539713003,1.0437641402413997,True,resolved,14.01043990415422,3.502609976038555,0.5443917802852513
400.0,2.2217054076787313,3.0,12.259362137849086,1.0884678741612712,True,resolved,15.781906516991414,3.9454766292478536,0.5960994752130426
400.0,2.455640192120709,3.0,13.5345299639888,1.1314431779055227,True,resolved,17.696260494773117,4.424065123693279,0.6458215113012677
400.0,2.714207172704789,3.0,15.094069189458176,1.1788063364153516,True,resolved,19.734225042281974,4.9335562605704935,0.6931600851107484
400.0,3.0000000000000004,3.0,16.746279134465826,1.2239183259471513,True,resolved,21.838368986996453,5.459592246749113,0.7371602083458493
450.0,0.3,3.0,4.125856218917757,0.6155140892651878,True,resolved,4.655929530302673,1.1639823825756683,0.0659464071110568
450.0,0.3315885423378064,3.0,3.7473502409997654,0.5737242857345883,True,resolved,4.250477170216482,1.0626192925541205,0.02637769654806049
450.0,0.3665032046990376,3.0,3.4020642424652086,0.5317425103008646,True,resolved,3.8976488270522025,0.9744122067630506,-0.011257284135841747
450.0,0.4050942113609619,3.0,3.125344850377202,0.49489794435304674,True,resolved,3.598025388548053,0.8995063471370133,-0.045995767819424424
450.0,0.4063957430879413,3.0,3.1171336827699663,0.49375542802094,True,resolved,3.589331795765061,0.8973329489412653,-0.04704638520716207
450.0,0.42778499272414877,3.0,2.9908081667022963,0.47578855786099344,True,resolved,3.4582867000094675,0.8645716750023669,-0.0631989968750922
450.0,0.4477486635155488,3.0,2.8863455490564234,0.46034832296849065,True,resolved,3.354845048302402,0.8387112620756005,-0.07638752530917758
450.0,0.44917424236035625,3.0,2.879257860205043,0.4592805611091805,True,resolved,3.3481156010473208,0.8370289002618302,-0.07725954677668431
450.0,0.4948944222294061,3.0,2.6907805656363823,0.4298782822977579,True,resolved,3.1730292826148982,0.7932573206537246,-0.10058591127943023
450.0,0.49773110210232996,3.0,2.681497665786045,0.4283774232507254,True,resolved,3.16445727805022,0.791114319512555,-0.10176075449713765
450.0,0.5239274758971895,3.0,2.610425912312003,0.4167113718119446,True,resolved,3.098720864758992,0.774680216189748,-0.1108775349192112
450.0,0.5470044002605323,3.0,2.571774605490743,0.4102329036452598,True,resolved,3.0604791298919074,0.7651197824729769,-0.11627056903619196
450.0,0.550123849692049,3.0,2.568425314636819,0.4096669417120254,True,resolved,3.0567083969428195,0.7641770992357049,-0.11680598133563488
450.0,0.5747303715656585,3.0,2.5587822954132635,0.4080333371092562,True,resolved,3.038678846924472,0.759669711731118,-0.11937518870729331
450.0,0.6046013057825199,3.0,2.5880607161949194,0.41297446071347377,True,resolved,3.045300600242436,0.761325150060609,-0.11842982323160714
450.0,0.6049793384901669,3.0,2.58875884175547,0.4130915952116214,True,resolved,3.045590843726509,0.7613977109316272,-0.11838843318392815
450.0,0.6352283054146753,3.0,2.665339581631173,0.42575254883475566,True,resolved,3.1203552487408555,0.7800888121852139,-0.10785595058353252
450.0,0.6682628855998672,3.0,2.798162944871931,0.4468730010772674,True,resolved,3.3846531939429894,0.8461632984857473,-0.0725458156991079
450.0,0.7038980750080227,3.0,2.98720568050421,0.47526512646510194,True,resolved,3.767982730541304,0.941995682635326,-0.025951087665669417
450.0,0.7386277204483878,3.0,3.2053458748906,0.5058748992064082,True,resolved,4.160386242152613,1.0400965605381534,0.017073660223986716
450.0,0.7409453421137081,3.0,3.220895605798337,0.5079766488928203,True,resolved,4.184144520453807,1.0460361301134518,0.019546685332320325
450.0,0.7779926092193935,3.0,3.4847553762667314,0.5421722967909004,True,resolved,4.5120934405973125,1.1280233601493281,0.05231809351159743
450.0,0.8164016305125923,3.0,3.730322746843256,0.5717464085135894,True,resolved,4.685820106381789,1.1714550265954473,0.06872562022589986
450.0,0.9023647554129298,3.0,4.325506211736121,0.6360369400318155,True,resolved,5.044853777747233,1.2612134444368082,0.10078859164579819
450.0,0.9954622042046599,3.0,4.999110577105067,0.6988927431729608,True,resolved,5.772270612924336,1.443067653231084,0.15928669196404774
450.0,0.9973793796812823,3.0,5.012228726203969,0.7000308812091273,True,resolved,5.793393883327062,1.4483484708317655,0.16087306514282526
450.0,1.047854951794379,3.0,5.347415747952017,0.7281439507026066,True,resolved,6.250464678918158,1.5626161697295395,0.1938523140142456
450.0,1.100247699384098,3.0,5.673650761261842,0.7538625995026932,True,resolved,6.5314305352835,1.632857633820875,0.21294832096367172
450.0,1.102398582221007,3.0,5.686622249052752,0.7548543798961396,True,resolved,6.542753869882166,1.6356884674705414,0.21370059166907537
450.0,1.218475796513094,3.0,6.360989291163013,0.8035246644347739,True,resolved,7.509079187037601,1.8772697967594003,0.27352669287901976
450.0,1.3467753774655815,3.0,7.122274792920497,0.8526187256913365,True,resolved,8.418604434593584,2.104651108648396,0.32318011245336004
450.0,1.4885842809008711,3.0,7.988630604532893,0.9024723397814578,True,resolved,9.55699569687674,2.389248924219185,0.37826139913584184
450.0,1.645324972836306,3.0,8.88259679037541,0.9485399485336615,True,resolved,10.870673513876174,2.7176683784690434,0.43419646115745
450.0,1.8185696980492723,3.0,9.864864470949243,0.9940911230475914,True,resolved,12.277427892998004,3.069356973249501,0.4870474008126749
450.0,2.0100562510528768,3.0,11.02574856616808,1.0424080844999684,True,resolved,13.878976312586282,3.4697440781465705,0.5402974432209652
450.0,2.2217054076787313,3.0,12.23081999635296,1.087455574612185,True,resolved,15.607219989298429,3.901804997324607,0.5912655606243351
450.0,2.455640192120709,3.0,13.511219601209115,1.1306945527355134,True,resolved,17.55331572934578,4.388328932336445,0.6422991731744666
450.0,2.714207172704789,3.0,15.068022614665578,1.178056263337515,True,resolved,19.623610110113994,4.905902527528498,0.6907189152162617
450.0,3.0000000000000004,3.0,16.722789891265116,1.2233087332289798,True,resolved,21.840088490926256,5.460022122731564,0.7371944023678835
500.0,0.3,3.0,4.559328892384842,0.6589009216592838,True,resolved,5.155334043482519,1.2888335108706297,0.1101968196186362
500.0,0.3315885423378064,3.0,4.156068133843484,0.6186826586901704,True,resolved,4.698330520038735,1.1745826300096838,0.06988357411061302
500.0,0.3665032046990376,3.0,3.7805079433090465,0.5775501549049601,True,resolved,4.29728813999154,1.074322034997885,0.031134483466694843
500.0,0.4050942113609619,3.0,3.436879707410693,0.5361643318689695,True,resolved,3.9517247251562213,0.9879311812890553,-0.005273307059504198
500.0,0.42837872651817493,3.0,3.2797093860470308,0.5158353627276009,True,resolved,3.7834879175599685,0.9458719793899921,-0.024167639926824462
500.0,0.4477486635155488,3.0,3.166526506775092,0.5005831278277221,True,resolved,3.663436074524191,0.9158590186310478,-0.03817137364963996
500.0,0.4509249752822894,3.0,3.149158363270097,0.4981945007651615,True,resolved,3.645354257965789,0.9113385644914472,-0.04032025159475456
500.0,0.4734712240464039,3.0,3.0348365748045687,0.48213530939100313,True,resolved,3.529223722951057,0.8823059307377642,-0.05438080149634667
500.0,0.4948944222294061,3.0,2.940019833351936,0.4683502601693852,True,resolved,3.437667984523662,0.8594169961309155,-0.06579606180771023
500.0,0.524654648316395,3.0,2.831082629584547,0.4519525451153387,True,resolved,3.3356308523118168,0.8339077130779542,-0.07888200921679996
500.0,0.5470044002605323,3.0,2.7681847591170397,0.4421950732078402,True,resolved,3.277600004545198,0.8194000011362995,-0.08650403978062043
500.0,0.5522680508593631,3.0,2.7560056706754756,0.44028010682794455,True,resolved,3.266338588575001,0.8165846471437502,-0.08799878963887361
500.0,0.5798814534023313,3.0,2.709594133375802,0.4329042433334757,True,resolved,3.2220535591004587,0.8055133897751147,-0.09392723605529736
500.0,0.6046013057825199,3.0,2.6957115282954467,0.43067341591502056,True,resolved,3.203447464961436,0.800861866240359,-0.0964423851678486
500.0,0.605819004874118,3.0,2.6957373244541674,0.4306775718032402,True,resolved,3.203048744685155,0.8007621861712888,-0.09649644342695585
500.0,0.6377042156569663,3.0,2.722971331359872,0.4350430689206645,True,resolved,3.2103346290432357,0.8025836572608089,-0.09550968790359048
500.0,0.6682628855998672,3.0,2.7970996435638944,0.44670793790500657,True,resolved,3.2795037466554335,0.8198759366638584,-0.08625185993169812
500.0,0.6695894264398147,3.0,2.8014032029658686,0.44737562086246374,True,resolved,3.2891432316274525,0.8222858079068631,-0.08497720530319479
500.0,0.7386277204483878,3.0,3.1380229259647408,0.4966561121583775,True,resolved,3.9348633899512757,0.9837158474878189,-0.007130332147544709
500.0,0.7419737192111322,3.0,3.159134730777139,0.499568148091065,True,resolved,3.9718025375636716,0.9929506343909179,-0.0030723423853318654
500.0,0.7810249675906655,3.0,3.4285620084081354,0.5351120084509366,True,resolved,4.41047558131567,1.1026188953289175,0.04242543061265789
500.0,0.8164016305125923,3.0,3.6487261134848077,0.5621412648811147,True,resolved,4.7359239328886975,1.1839809832221744,0.07334472692406412
500.0,0.8200762159701989,3.0,3.6707361109367547,0.5647531642143115,True,resolved,4.756164095931053,1.1890410239827633,0.07519683879193494
500.0,0.9023647554129298,3.0,4.2118088751561675,0.6244686554032152,True,resolved,5.128276283641513,1.2820690709103781,0.10791142323832281
500.0,0.9973793796812823,3.0,4.906681708797243,0.6907878866753554,True,resolved,5.552696384088515,1.3881740960221287,0.14244393600380426
500.0,1.04930929663279,3.0,5.269707482199723,0.7217865084967263,True,resolved,6.084507469232356,1.521126867308089,0.1821654372443854
500.0,1.102398582221007,3.0,5.617582741869132,0.7495494778998083,True,resolved,6.5749963848065,1.643749096201625,0.21583552704158676
500.0,1.1045361017187263,3.0,5.631239917923488,0.7506040307703542,True,resolved,6.58856827327147,1.6471420683178675,0.21673105929458308
500.0,1.1597629068046627,3.0,5.9738483271694225,0.7762541919022611,True,resolved,6.884732290222869,1.7211830725557173,0.23582706624400923
500.0,1.218475796513094,3.0,6.320555082429236,0.8007552204738634,True,resolved,7.252127395265909,1.8130318488164772,0.25840543324264703
500.0,1.3467753774655815,3.0,7.079283254467226,0.8499892895560035,True,resolved,8.319705129117654,2.0799262822794136,0.3180479427672753
500.0,1.4885842809008711,3.0,7.9364175677871165,0.8996245097780481,True,resolved,9.494662782486008,2.373665695621502,0.3754195533842287
500.0,1.645324972836306,3.0,8.84729855455611,0.9468106829071025,True,resolved,10.741175198292426,2.6852937995731065,0.4289918090497197
500.0,1.8185696980492723,3.0,9.828791091001118,0.9925001043230781,True,resolved,12.099994383580768,3.024998595895192,0.4807251774033268
500.0,2.0100562510528768,3.0,10.994476836559736,1.0411745686307894,True,resolved,13.735916905828338,3.4339792264570845,0.53579766360814
500.0,2.2217054076787313,3.0,12.200374478960216,1.0863731611378658,True,resolved,15.480064504130324,3.870016126032581,0.5877127746913593
500.0,2.455640192120709,3.0,13.486008755182247,1.1298834372867954,True,resolved,17.38813177250901,4.347032943127252,0.6381929314179294
500.0,2.714207172704789,3.0,15.041647063492732,1.1772953941958813,True,resolved,19.503985275020344,4.875996318755086,0.6880633690659185
500.0,3.0000000000000004,3.0,16.699352992123547,1.2226996449563339,True,resolved,21.78822090920993,5.447055227302482,0.7361617785760746
600.0,0.3,3.0,5.476581082561506,0.7385095219238538,True,resolved,6.1585131156045305,1.5396282789011326,0.1874158793372892
600.0,0.3315885423378064,3.0,4.944255804224665,0.6941009320421851,True,resolved,5.600076677031027,1.4000191692577568,0.1461339821395748
600.0,0.3665032046990376,3.0,4.502070462115759,0.6534122878809794,True,resolved,5.105007480581734,1.2762518701454335,0.10593639148536592
600.0,0.4050942113609619,3.0,4.111701104265049,0.6140215365595942,True,resolved,4.671112530754771,1.1677781326886927,0.06736033857963632
600.0,0.4477486635155488,3.0,3.751296761292214,0.5741814221069111,True,resolved,4.298052266898966,1.0745130667247416,0.031211701141512508
600.0,0.4692653833386818,3.0,3.593505931664925,0.5555183660669059,True,resolved,4.1446033569916825,1.0361508392479206,0.015422983096987995
600.0,0.4939635614091387,3.0,3.4388745903004945,0.5364163381559545,True,resolved,3.993285514370738,0.9983213785926845,-0.0007296285709421214
600.0,0.4948944222294061,3.0,3.4338057295364903,0.535775720942276,True,resolved,3.9880676324118207,0.9970169081029552,-0.0012974765594095927
600.0,0.5186617394795957,3.0,3.3158880894664526,0.5205998647771102,True,resolved,3.866070887085313,0.9665177217713282,-0.014790178472534303
600.0,0.5470044002605323,3.0,3.197872745758445,0.504861177698365,True,resolved,3.7473395871889257,0.9368348967972314,-0.028336940305247395
600.0,0.5747303715656585,3.0,3.103185043460759,0.4918076734113755,True,resolved,3.6540005226427312,0.9135001306606828,-0.03929138619298748
600.0,0.6046013057825199,3.0,3.024948950811998,0.4807180498751892,True,resolved,3.5788729698538617,0.8947182424634654,-0.048313707710402734
600.0,0.6049793384901669,3.0,3.0241486632801613,0.48060313671517313,True,resolved,3.578094650824228,0.894523662706057,-0.04840816661506123
600.0,0.6352283054146753,3.0,2.973474900626769,0.4732642769313785,True,resolved,3.5295828316182525,0.8823957079045631,-0.05433661303148491
600.0,0.6636414694697732,3.0,2.9563561734176775,0.47075675544388745,True,resolved,3.5087641005053296,0.8771910251263324,-0.0569058204031435
600.0,0.6682628855998672,3.0,2.956572554829085,0.47078854113159707,True,resolved,3.5076667184309183,0.8769166796077296,-0.05704166924014939
600.0,0.6985699678629192,3.0,2.982889361135396,0.47463714516914174,True,resolved,3.5167453869339194,0.8791863467334798,-0.055919064879778095
600.0,0.7334984662560653,3.0,3.07013983322476,0.48715815639409066,True,resolved,3.6030758856555893,0.9007689714138973,-0.04538658227938251
600.0,0.7386277204483878,3.0,3.088469695235392,0.48974334429873617,True,resolved,3.6409595551557623,0.9102398887889406,-0.040844136637422056
600.0,0.8127914861758826,3.0,3.5093068802629457,0.5452213478612555,True,resolved,4.350891687559765,1.0877229218899414,0.036518280638480526
600.0,0.8164016305125923,3.0,3.5280308424534117,0.5475323731289363,True,resolved,4.390639892057955,1.0976599730144887,0.04046782762443334
600.0,0.8555699854482975,3.0,3.7442825289929957,0.5733686114745231,True,resolved,4.831433930424606,1.2078584826061516,0.08201605363647031
600.0,0.8983484847207125,3.0,4.002826205895926,0.602366734382171,True,resolved,5.2101167250752045,1.3025291812688011,0.11478746181574727
600.0,0.9023647554129298,3.0,4.028190231676504,0.6051099719651382,True,resolved,5.23127571954561,1.3078189298864025,0.11654761922165996
600.0,0.9973793796812823,3.0,4.690688311168408,0.6712365757233429,True,resolved,5.656387496525016,1.414096874131254,0.15047916226110758
600.0,1.102398582221007,3.0,5.451107365506367,0.7364847360155452,True,resolved,6.161388687287527,1.5403471718218817,0.18761861552088901
600.0,1.149460743131317,3.0,5.764490872445043,0.7607609558541631,True,resolved,6.665243984414465,1.6663109961036162,0.22175606026819783
600.0,1.2099586769803339,3.0,6.155446424350446,0.7892595556590892,True,resolved,7.217414929867292,1.804353732466823,0.2563216823183955
600.0,1.218475796513094,3.0,6.209494005825288,0.7930562121844492,True,resolved,7.267534020019239,1.8168835050048098,0.25932708209311306
600.0,1.2704566108293507,3.0,6.534896065827752,0.815238684740368,True,resolved,7.5418463554785395,1.8854615888696349,0.2754176892678217
600.0,1.3467753774655815,3.0,7.005995739001509,0.8454698688468328,True,resolved,8.029892796388843,2.007473199097211,0.3026497559124182
600.0,1.4885842809008711,3.0,7.84710913023375,0.8947096924115449,True,resolved,9.201172775404252,2.300293193851063,0.36178319443343787
600.0,1.645324972836306,3.0,8.760157192547144,0.9425118992323863,True,resolved,10.490314318200042,2.6225785795500105,0.4187285096982709
600.0,1.8185696980492723,3.0,9.76753479346679,0.9897849669235659,True,resolved,11.875690369542124,2.968922592385531,0.47259887454516275
600.0,2.0100562510528768,3.0,10.923083107996085,1.0383452379845404,True,resolved,13.415459092125955,3.3538647730314888,0.5255455479808098
600.0,2.2217054076787313,3.0,12.143626150559466,1.0843483887187098,True,resolved,15.184533906176243,3.796133476544061,0.5793414743314993
600.0,2.455640192120709,3.0,13.437531282574838,1.1283194882984764,True,resolved,17.1169949844612,4.2792487461153,0.6313675320846404
600.0,2.714207172704789,3.0,14.990334804085744,1.1758113327777775,True,resolved,19.266561856951597,4.816640464237899,0.6827442298259467
600.0,3.0000000000000004,3.0,16.652375505719043,1.2214761955262332,True,resolved,21.611307504068694,5.402826876017174,0.7326210515675083
650.0,0.3,3.0,5.92640644062718,0.7727914326432993,True,resolved,6.661599727255485,1.6653999318138712,0.22151854254104922
650.0,0.3315885423378064,3.0,5.3731970794395405,0.7302327700202881,True,resolved,6.053008467263065,1.5132521168157662,0.17991129009872378
650.0,0.3665032046990376,3.0,4.856660708192183,0.6863377642292894,True,resolved,5.51172314492065,1.3779307862301624,0.13922740341105647
650.0,0.4050942113609619,3.0,4.431829738632963,0.6465830673809004,True,resolved,5.034819805418745,1.2587049513546862,0.09992394058000671
650.0,0.4477486635155488,3.0,4.052406869683829,0.6077130429043498,True,resolved,4.621106861498141,1.1552767153745354,0.06268602021657388
650.0,0.4884268966112874,3.0,3.7489712466779284,0.5739121095447838,True,resolved,4.313839944761388,1.078459986190347,0.03280403622659378
650.0,0.4948944222294061,3.0,3.705507140380978,0.5688476544736718,True,resolved,4.271720268996391,1.0679300672490977,0.028542814113674247
650.0,0.5141335753803026,3.0,3.5839278463343827,0.5543592576155728,True,resolved,4.156343340713095,1.0390858351782737,0.016651424558663683
650.0,0.5398402541493177,3.0,3.446037077155267,0.5373199458680489,True,resolved,4.023934158585684,1.005983539646421,0.0025908746570717446
650.0,0.5470044002605323,3.0,3.4138093304532435,0.5332392610539173,True,resolved,3.991219446925364,0.997804861731341,-0.0009543843235258471
650.0,0.5981983366743842,3.0,3.2275580165626523,0.5088740576143871,True,resolved,3.803204325008425,0.9508010812521063,-0.021910333063381637
650.0,0.6046013057825199,3.0,3.20914248446475,0.5063890000007863,True,resolved,3.7847887797822675,0.9461971949455669,-0.02401834377579369
650.0,0.6296824596572466,3.0,3.1477611933860543,0.49800177694983583,True,resolved,3.7241989887462195,0.9310497471865549,-0.0310271134854553
650.0,0.661166582640109,3.0,3.096813238845228,0.4909150149193783,True,resolved,3.673706286439556,0.918426571609889,-0.03695555990187894
650.0,0.6682628855998672,3.0,3.089828935934995,0.48993443598276765,True,resolved,3.666224138550248,0.916556034637562,-0.037840978830532716
650.0,0.6907399414154842,3.0,3.0799069514819792,0.4885375960237075,True,resolved,3.6520374640846573,0.9130093660211643,-0.03952476727353744
650.0,0.7270946751741939,3.0,3.1085023973774684,0.492551206646238,True,resolved,3.660344650379854,0.9150861625949634,-0.038538011750172206
650.0,0.7386277204483878,3.0,3.130911660749033,0.4956708140907362,True,resolved,3.671340060387782,0.9178350150969455,-0.0372353781369852
650.0,0.7634494089329036,3.0,3.202993549197049,0.5055560639991491,True,resolved,3.7502002823327825,0.9375500705831956,-0.028005529149776477
650.0,0.8164016305125923,3.0,3.4769143824453765,0.541193996495932,True,resolved,4.199105655638836,1.049776413909709,0.021096810931708256
650.0,0.8459802007139411,3.0,3.6309489035890854,0.5600201373608558,True,resolved,4.528551646676494,1.1321379116691235,0.053899333768086484
650.0,0.8905054744357275,3.0,3.8791528431809046,0.5887368916501575,True,resolved,5.028715870815962,1.2571789677039904,0.09939710676607624
650.0,0.9023647554129298,3.0,3.9502386680233386,0.596623335898414,True,resolved,5.150198499889488,1.287549624972372,0.1097639766929045
650.0,0.9350307481575139,3.0,4.1560392801452934,0.6186796435698687,True,resolved,5.422861419919445,1.3557153549798613,0.13216851494535325
650.0,0.9973793796812823,3.0,4.586468401960928,0.661478405823278,True,resolved,5.703546084294026,1.4258865210735066,0.15408496364162752
650.0,1.102398582221007,3.0,5.360893308532837,0.7292371640660953,True,resolved,6.140783714761313,1.5351959286903283,0.1861638099884436
650.0,1.1963966733487683,3.0,5.996541739288359,0.7779008609600429,True,resolved,6.937405890250881,1.7343514725627203,0.2391371133978037
650.0,1.218475796513094,3.0,6.141041898005372,0.7882420604192082,True,resolved,7.1927325092863095,1.7981831273215774,0.2548339182845145
650.0,1.2593649193144931,3.0,6.405123913489788,0.8065275360204854,True,resolved,7.512123631771991,1.8780309079429978,0.27370273544800144
650.0,1.322333165280218,3.0,6.806559385195005,0.832927637959976,True,resolved,7.849802565698623,1.9624506414246556,0.29279874239742765
650.0,1.3467753774655815,3.0,6.962185698052029,0.84274560276955,True,resolved,7.9870110585204666,1.9967527646301166,0.3003242944130219
650.0,1.4885842809008711,3.0,7.812959348410195,0.8928155646388912,True,resolved,9.213681372225716,2.303420343056429,0.36237319806505774
650.0,1.645324972836306,3.0,8.715890781769476,0.9403117794939028,True,resolved,10.382133734343515,2.595533433585879,0.41422662748508166
650.0,1.8185696980492723,3.0,9.732216061964545,0.9882117420053229,True,resolved,11.76069407060096,2.94017351765024,0.4683729615462753
650.0,2.0100562510528768,3.0,10.892006751551888,1.0371079018710871,True,resolved,13.352123017834808,3.338030754458702,0.5234903336704235
650.0,2.2217054076787313,3.0,12.113546474883355,1.0832713098636355,True,resolved,15.029378694011328,3.757344673502832,0.5748810361425332
650.0,2.455640192120709,3.0,13.411790498356085,1.1274867608231016,True,resolved,16.972494267137733,4.243123566784433,0.6276856793252349
650.0,2.714207172704789,3.0,14.965503069101459,1.1750913203384292,True,resolved,19.138722776156595,4.784680694039149,0.6798529604108973
650.0,3.0000000000000004,3.0,16.629715801477428,1.2208848272769592,True,resolved,21.46973855307547,5.367434638268867,0.7297667645359539
700.0,0.3,3.0,6.362615537475624,0.8036356816839167,True,resolved,7.165393690812647,1.7913484227031617,0.253180065659466
700.0,0.3315885423378064,3.0,5.784837392578562,0.7622911557686036,True,resolved,6.506909536133247,1.6267273840333119,0.21131477756491496
700.0,0.3665032046990376,3.0,5.240501147134192,0.7193728203860157,True,resolved,5.919775685729937,1.4799439214324843,0.17024525926398026
700.0,0.4050942113609619,3.0,4.748964327107059,0.6765989072954852,True,resolved,5.4003906338829255,1.3500976584707314,0.13036518405128067
700.0,0.4477486635155488,3.0,4.343208865740228,0.6378107151686515,True,resolved,4.946798179897066,1.2366995449742666,0.09226420099599612
700.0,0.4948944222294061,3.0,3.9778869546222055,0.5996524369881715,True,resolved,4.5591860404034925,1.1397965101008731,0.056827322890265236
700.0,0.5068645446928268,3.0,3.8957213069257017,0.5905878806517729,True,resolved,4.476683275735638,1.1191708189339096,0.04889637791229445
700.0,0.5335416259924494,3.0,3.7273793523548022,0.5714035951285089,True,resolved,4.3132413255575,1.078310331389375,0.03274376624436429
700.0,0.5470044002605323,3.0,3.6504274939409904,0.5623437267546033,True,resolved,4.24078797845454,1.060196994613635,0.02538656877876432
700.0,0.5602187072920719,3.0,3.5798978337801417,0.5538706325492785,True,resolved,4.17583382347726,1.043958455869315,0.018683216342772146
700.0,0.6046013057825199,3.0,3.3953096203714486,0.5308793840031423,True,resolved,3.998623140849629,0.9996557852124073,-0.0001495163171812256
700.0,0.6207797516027724,3.0,3.3450800174512625,0.5244065109594163,True,resolved,3.946771649849057,0.9866929124622642,-0.005817991377680868
700.0,0.6534523701081816,3.0,3.2646902737356185,0.5138419853697388,True,resolved,3.8647839377253397,0.9661959844313349,-0.014934771799754583
700.0,0.6682628855998672,3.0,3.237833398182713,0.5102544984904326,True,resolved,3.8373986540765777,0.9593496635191444,-0.018023072433991524
700.0,0.6861249886135907,3.0,3.2138407471624078,0.5070243527191287,True,resolved,3.812385184211678,0.9530962960529195,-0.020863218216178304
700.0,0.7168147133906595,3.0,3.1986055146081864,0.5049606816617623,True,resolved,3.7898983845428895,0.9474745961357224,-0.0234324255878369
700.0,0.7386277204483878,3.0,3.2097667428422936,0.5064734729104048,True,resolved,3.78990132118863,0.9474753302971575,-0.02343208906996312
700.0,0.7545418035691153,3.0,3.2313634989658886,0.5093858149398072,True,resolved,3.798519159173458,0.9496297897933645,-0.0224456700644715
700.0,0.792268893747571,3.0,3.3348917319738183,0.5230817390113114,True,resolved,3.891766755270021,0.9729416888175052,-0.011913187464075891
700.0,0.8164016305125923,3.0,3.4453209504649287,0.5372296850312644,True,resolved,4.07765394921885,1.0194134873047125,0.008350375204488105
700.0,0.877915143963242,3.0,3.7493031104592913,0.573950552152301,True,resolved,4.69950013898884,1.17487503474721,0.06999167545378727
700.0,0.9023647554129298,3.0,3.8838811917066653,0.5892659363298441,True,resolved,4.986349359861111,1.2465873399652778,0.0957227119903296
700.0,0.9241212041718337,3.0,4.011585440414782,0.6033160464214793,True,resolved,5.218545084095233,1.3046362710238082,0.11548944845177692
700.0,0.9703272643804255,3.0,4.305263075638677,0.6339996944208937,True,resolved,5.627569250608392,1.406892312652098,0.14826085663105384
700.0,0.9973793796812823,3.0,4.491389248160664,0.6523806950098832,True,resolved,5.758721415823649,1.4396803539559122,0.1582660782599509
700.0,1.102398582221007,3.0,5.264072444858116,0.7213218574648707,True,resolved,6.20468409984475,1.5511710249611874,0.190659683759537
700.0,1.218475796513094,3.0,6.066633852169729,0.7829477841675846,True,resolved,6.93630282011783,1.7340757050294575,0.23906805367009185
700.0,1.2415595032055449,3.0,6.221014094964688,0.7938611853257032,True,resolved,7.199286325768832,1.799821581442208,0.2552294550835045
700.0,1.3069047402163632,3.0,6.651159824170562,0.8228973838469892,True,resolved,7.795699112214579,1.9489247780536447,0.2897950771337021
700.0,1.3467753774655815,3.0,6.911224507937967,0.8395550010538947,True,resolved,8.010240088948958,2.0025600222372395,0.30158554195266274
700.0,1.3722499772271814,3.0,7.075633554833342,0.8497653328251968,True,resolved,8.146125102848128,2.036531275712032,0.30889108408312826
700.0,1.4885842809008711,3.0,7.779571286327302,0.8909556647130227,True,resolved,9.038075774233395,2.2595189435583487,0.3540159867596618
700.0,1.645324972836306,3.0,8.676219331812792,0.9383305222946672,True,resolved,10.210350247132673,2.5525875617831684,0.40698064868138273
700.0,1.8185696980492723,3.0,9.693096909453136,0.9864625547398187,True,resolved,11.60998436857577,2.9024960921439424,0.46277164368659274
700.0,2.0100562510528768,3.0,10.863285519608734,1.0359611942435685,True,resolved,13.146390230116436,3.286597557529109,0.5167465281629344
700.0,2.2217054076787313,3.0,12.08159698214812,1.0821243444419126,True,resolved,14.957933929475887,3.7394834823689718,0.5728116192463506
700.0,2.455640192120709,3.0,13.388901843904383,1.126744957692319,True,resolved,16.8600146977855,4.215003674446375,0.6247979575588842
700.0,2.714207172704789,3.0,14.94101530219093,1.1743801105420852,True,resolved,19.019598502409206,4.7548996256023015,0.677141353553738
700.0,3.0000000000000004,3.0,16.60668731726801,1.2202830085312046,True,resolved,21.34723202561705,5.3368080064042624,0.7272815791837606
