comparison_group,pattern_kind,diameter_mm,pitch_mm,pitch_to_diameter_ratio,myopia_d,separation_to_width_ratio,max_ghost_peak_ratio,valley_visibility,ghost_count
diameter_pitch_grid,square_packing,1.190867424720697,1.5,1.259586053713583,0.5,0.11567896782492888,0.0,nan,0
diameter_pitch_grid,square_packing,1.190867424720697,1.8491242752806438,1.5527540991511568,0.5,0.14260319169632296,0.0,nan,0
diameter_pitch_grid,square_packing,1.190867424720697,2.2795070569547775,1.914156865521288,0.5,0.1757940156654467,0.0,nan,0
diameter_pitch_grid,square_packing,1.190867424720697,2.8100612231257442,2.35967595115368,0.5,0.2167099878773622,0.0,nan,0
diameter_pitch_grid,triangular_packing,1.190867424720697,2.8100612231257442,2.35967595115368,0.5,0.21670998787736215,0.0,nan,0
diameter_pitch_grid,hexagonal_packing,1.190867424720697,2.8100612231257442,2.35967595115368,0.5,0.21670998787736204,0.0,nan,0
diameter_pitch_grid,square_packing,1.190867424720697,3.464101615137754,2.9088893887161418,0.5,0.2671491328532029,0.0,nan,0
diameter_pitch_grid,triangular_packing,1.190867424720697,3.464101615137754,2.9088893887161418,0.5,0.26714913285320285,0.0,nan,0
diameter_pitch_grid,hexagonal_packing,1.190867424720697,3.464101615137754,2.9088893887161418,0.5,0.2671491328532028,0.0,nan,0
diameter_pitch_grid,square_packing,1.190867424720697,4.270369592393405,3.5859319885208607,0.5,0.32932796445268764,0.0,nan,0
diameter_pitch_grid,triangular_packing,1.190867424720697,4.270369592393405,3.5859319885208607,0.5,0.3293279644526874,0.0,nan,0
diameter_pitch_grid,hexagonal_packing,1.190867424720697,4.270369592393405,3.5859319885208607,0.5,0.3293279644526874,0.0,nan,0
diameter_pitch_grid,square_packing,1.190867424720697,5.264296051809969,4.420555926319542,0.5,0.4059788890654837,0.0,nan,0
diameter_pitch_grid,triangular_packing,1.190867424720697,5.264296051809969,4.420555926319542,0.5,0.4059788890654837,0.0,nan,0
diameter_pitch_grid,hexagonal_packing,1.190867424720697,5.264296051809969,4.420555926319542,0.5,0.4059788890654837,0.0,nan,0
diameter_pitch_grid,square_packing,1.339725852810784,1.539725852810784,1.1492842730327208,0.5,0.11891908401874007,0.0,nan,0
diameter_pitch_grid,square_packing,1.339725852810784,1.8919045645122772,1.412157987802509,0.5,0.14611923119428294,0.0,nan,0
diameter_pitch_grid,square_packing,1.339725852810784,2.3246364764794576,1.7351583322829087,0.5,0.17954081887683976,0.0,nan,0
diameter_pitch_grid,square_packing,1.339725852810784,2.8563463766323403,2.1320379618260272,0.5,0.22060686591011436,0.0,nan,0
diameter_pitch_grid,triangular_packing,1.339725852810784,2.8563463766323403,2.1320379618260272,0.5,0.22060686591011436,0.0,nan,0
diameter_pitch_grid,hexagonal_packing,1.339725852810784,2.8563463766323403,2.1320379618260272,0.5,0.22060686591011427,0.0,nan,0
diameter_pitch_grid,square_packing,1.339725852810784,3.509673321334376,2.6196951517886875,0.5,0.2710658756662335,0.0,nan,0
diameter_pitch_grid,triangular_packing,1.339725852810784,3.509673321334376,2.6196951517886875,0.5,0.2710658756662334,0.0,nan,0
diameter_pitch_grid,hexagonal_packing,1.339725852810784,3.509673321334376,2.6196951517886875,0.5,0.2710658756662334,0.0,nan,0
diameter_pitch_grid,square_packing,1.339725852810784,4.31243455739744,3.2188932895113025,0.5,0.333066283533713,0.0,nan,0
diameter_pitch_grid,triangular_packing,1.339725852810784,4.31243455739744,3.2188932895113025,0.5,0.33306628353371287,0.0,nan,0
diameter_pitch_grid,hexagonal_packing,1.339725852810784,4.31243455739744,3.2188932895113025,0.5,0.33306628353371287,0.0,nan,0
diameter_pitch_grid,square_packing,1.339725852810784,5.298809920225012,3.955144934396805,0.5,0.40924793264480447,0.0,nan,0
diameter_pitch_grid,triangular_packing,1.339725852810784,5.298809920225012,3.955144934396805,0.5,0.4092479326448044,0.0,nan,0
diameter_pitch_grid,hexagonal_packing,1.339725852810784,5.298809920225012,3.955144934396805,0.5,0.40924793264480447,0.0,nan,0
diameter_pitch_grid,square_packing,1.4885842809008711,1.688584280900871,1.134355845729449,0.5,0.13057322579233585,0.0,nan,0
diameter_pitch_grid,square_packing,1.4885842809008711,2.0510141080447886,1.3778286754469438,0.5,0.1585988518678626,0.0,nan,0
diameter_pitch_grid,square_packing,1.4885842809008711,2.4912341770435513,1.6735593738339694,0.5,0.1926397671587633,0.0,nan,0
diameter_pitch_grid,hexagonal_packing,1.4885842809008711,2.4912341770435513,1.6735593738339694,0.5,0.19263976715876321,0.0,nan,0
diameter_pitch_grid,square_packing,1.4885842809008711,3.025941021335156,2.0327643252445857,0.5,0.233987065189482,0.0,nan,0
diameter_pitch_grid,triangular_packing,1.4885842809008711,3.025941021335156,2.0327643252445857,0.5,0.23398706518948176,0.0,nan,0
diameter_pitch_grid,hexagonal_packing,1.4885842809008711,3.025941021335156,2.0327643252445857,0.5,0.23398706518948195,0.0,nan,0
diameter_pitch_grid,square_packing,1.4885842809008711,3.6754148401516487,2.4690673462757093,0.5,0.28420895375597577,0.0,nan,0
diameter_pitch_grid,triangular_packing,1.4885842809008711,3.6754148401516487,2.4690673462757093,0.5,0.2842089537559756,0.0,nan,0
diameter_pitch_grid,hexagonal_packing,1.4885842809008711,3.6754148401516487,2.4690673462757093,0.5,0.28420895375597566,0.0,nan,0
diameter_pitch_grid,square_packing,1.4885842809008711,4.464288679772894,2.9990164057564592,0.5,0.34521023343600304,0.0,nan,0
diameter_pitch_grid,triangular_packing,1.4885842809008711,4.464288679772894,2.9990164057564592,0.5,0.34521023343600293,0.0,nan,0
diameter_pitch_grid,hexagonal_packing,1.4885842809008711,4.464288679772894,2.9990164057564592,0.5,0.34521023343600293,0.0,nan,0
diameter_pitch_grid,square_packing,1.4885842809008711,5.422482708244738,3.64271125109767,0.5,0.41930454228848896,0.0,nan,0
diameter_pitch_grid,triangular_packing,1.4885842809008711,5.422482708244738,3.64271125109767,0.5,0.41930454228848896,0.0,nan,0
diameter_pitch_grid,hexagonal_packing,1.4885842809008711,5.422482708244738,3.64271125109767,0.5,0.41930454228848896,0.0,nan,0
diameter_pitch_grid,square_packing,1.6374427089909585,1.8374427089909584,1.1221416779358626,0.5,0.142218955940412,0.0,nan,0
diameter_pitch_grid,square_packing,1.6374427089909585,2.2083775793676796,1.3486747152995346,0.5,0.17092949463026297,0.0,nan,0
diameter_pitch_grid,square_packing,1.6374427089909585,2.654195153508783,1.6209392480939857,0.5,0.20543599087310552,0.0,nan,0
diameter_pitch_grid,triangular_packing,1.6374427089909585,2.654195153508783,1.6209392480939857,0.5,0.2054359908731055,0.0,nan,0
diameter_pitch_grid,hexagonal_packing,1.6374427089909585,2.654195153508783,1.6209392480939857,0.5,0.20543599087310543,0.0,nan,0
diameter_pitch_grid,square_packing,1.6374427089909585,3.1900124230235223,1.9481673499216985,0.5,0.24690850714387194,0.0,nan,0
diameter_pitch_grid,triangular_packing,1.6374427089909585,3.1900124230235223,1.9481673499216985,0.5,0.24690850714387186,0.0,nan,0
diameter_pitch_grid,hexagonal_packing,1.6374427089909585,3.1900124230235223,1.9481673499216985,0.5,0.24690850714387194,0.0,nan,0
diameter_pitch_grid,square_packing,1.6374427089909585,3.833998131445511,2.341454824888583,0.5,0.29675331299505264,0.0,nan,0
diameter_pitch_grid,triangular_packing,1.6374427089909585,3.833998131445511,2.341454824888583,0.5,0.2967533129950526,0.0,nan,0
diameter_pitch_grid,hexagonal_packing,1.6374427089909585,3.833998131445511,2.341454824888583,0.5,0.2967533129950526,0.0,nan,0
diameter_pitch_grid,square_packing,1.6374427089909585,4.607988848518435,2.8141374493389244,0.5,0.3566605695049065,0.0,nan,0
diameter_pitch_grid,triangular_packing,1.6374427089909585,4.607988848518435,2.8141374493389244,0.5,0.3566605695049065,0.0,nan,0
diameter_pitch_grid,hexagonal_packing,1.6374427089909585,4.607988848518435,2.8141374493389244,0.5,0.3566605695049065,0.0,nan,0
diameter_pitch_grid,square_packing,1.6374427089909585,5.538229414854903,3.382243167620641,0.5,0.42866164005281066,0.0,nan,0
diameter_pitch_grid,triangular_packing,1.6374427089909585,5.538229414854903,3.382243167620641,0.5,0.42866164005281066,0.0,nan,0
diameter_pitch_grid,hexagonal_packing,1.6374427089909585,5.538229414854903,3.382243167620641,0.5,0.42866164005281054,0.0,nan,0
diameter_pitch_grid,square_packing,1.7863011370810453,1.9863011370810453,1.1119632047745407,0.5,0.153865733120685,0.0,nan,0
diameter_pitch_grid,square_packing,1.7863011370810453,2.364153675005803,1.3234911101657887,0.5,0.18313549321594502,0.0,nan,0
diameter_pitch_grid,square_packing,1.7863011370810453,2.8138848106672527,1.5752578063435367,0.5,0.21797321726690994,0.0,nan,0
diameter_pitch_grid,triangular_packing,1.7863011370810453,2.8138848106672527,1.5752578063435367,0.5,0.21797321726690982,0.0,nan,0
diameter_pitch_grid,hexagonal_packing,1.7863011370810453,2.8138848106672527,1.5752578063435367,0.5,0.21797321726690982,0.0,nan,0
diameter_pitch_grid,square_packing,1.7863011370810453,3.34916795444122,1.8749178875371597,0.5,0.2594380947753427,0.0,nan,0
diameter_pitch_grid,triangular_packing,1.7863011370810453,3.34916795444122,1.8749178875371597,0.5,0.2594380947753427,0.0,nan,0
diameter_pitch_grid,hexagonal_packing,1.7863011370810453,3.34916795444122,1.8749178875371597,0.5,0.25943809477534263,0.0,nan,0
diameter_pitch_grid,square_packing,1.7863011370810453,3.9862775990450494,2.231582075550227,0.5,0.30879080404745535,0.0,nan,0
diameter_pitch_grid,triangular_packing,1.7863011370810453,3.9862775990450494,2.231582075550227,0.5,0.30879080404745524,0.0,nan,0
diameter_pitch_grid,hexagonal_packing,1.7863011370810453,3.9862775990450494,2.231582075550227,0.5,0.30879080404745524,0.0,nan,0
diameter_pitch_grid,square_packing,1.7863011370810453,4.744584121431299,2.6560942177892346,0.5,0.3675318412542406,0.0,nan,0
diameter_pitch_grid,triangular_packing,1.7863011370810453,4.744584121431299,2.6560942177892346,0.5,0.36753184125424054,0.0,nan,0
diameter_pitch_grid,hexagonal_packing,1.7863011370810453,4.744584121431299,2.6560942177892346,0.5,0.36753184125424054,0.0,nan,0
diameter_pitch_grid,square_packing,1.7863011370810453,5.647142710465212,3.161360978414357,0.5,0.4374471407994815,0.0,nan,0
diameter_pitch_grid,triangular_packing,1.7863011370810453,5.647142710465212,3.161360978414357,0.5,0.4374471407994815,0.0,nan,0
diameter_pitch_grid,hexagonal_packing,1.7863011370810453,5.647142710465212,3.161360978414357,0.5,0.4374471407994815,0.0,nan,0
diameter_pitch_grid,square_packing,0.8804198998205346,1.5,1.7037325034404165,1.0,0.23016327548680432,0.0,nan,0
diameter_pitch_grid,square_packing,0.8804198998205346,1.8491242752806438,2.1002754204642247,1.0,0.28373366665383737,0.0,nan,0
diameter_pitch_grid,square_packing,0.8804198998205346,2.2795070569547775,2.589113509837106,1.0,0.34977254048266465,0.0,nan,0
diameter_pitch_grid,square_packing,0.8804198998205346,2.8100612231257442,3.191728428331242,1.0,0.43118193028871804,0.0,nan,0
diameter_pitch_grid,triangular_packing,0.8804198998205346,2.8100612231257442,3.191728428331242,1.0,0.43118193028871793,0.0,nan,0
diameter_pitch_grid,hexagonal_packing,0.8804198998205346,2.8100612231257442,3.191728428331242,1.0,0.4311819302887177,0.0,nan,0
diameter_pitch_grid,square_packing,0.9904723872981014,1.5,1.5144288919470368,1.0,0.2306276085738079,0.0,nan,0
diameter_pitch_grid,square_packing,0.9904723872981014,1.8491242752806438,1.8669114848570887,1.0,0.2843060730425003,0.0,nan,0
diameter_pitch_grid,square_packing,0.9904723872981014,2.2795070569547775,2.3014342309663163,1.0,0.3504781741817328,0.0,nan,0
diameter_pitch_grid,square_packing,0.9904723872981014,2.8100612231257442,2.837091936294437,1.0,0.43205179989032005,0.0,nan,0
diameter_pitch_grid,triangular_packing,0.9904723872981014,2.8100612231257442,2.837091936294437,1.0,0.43205179989031994,0.0,nan,0
diameter_pitch_grid,hexagonal_packing,0.9904723872981014,2.8100612231257442,2.837091936294437,1.0,0.4320517998903197,0.0,nan,0
diameter_pitch_grid,hexagonal_packing,0.9904723872981014,4.270369592393405,4.311447393341776,1.0,0.6565767512133316,0.874987779775128,0.25644670741876224,18
diameter_pitch_grid,square_packing,1.1005248747756682,1.5,1.3629860027523333,1.0,0.23097599917723927,0.0,nan,0
diameter_pitch_grid,square_packing,1.1005248747756682,1.8491242752806438,1.68022033637138,1.0,0.2847355513905567,0.0,nan,0
diameter_pitch_grid,square_packing,1.1005248747756682,2.2795070569547775,2.071290807869685,1.0,0.3510076134077985,0.0,nan,0
diameter_pitch_grid,square_packing,1.1005248747756682,2.8100612231257442,2.5533827426649935,1.0,0.43270446584045597,0.0,nan,0
diameter_pitch_grid,triangular_packing,1.1005248747756682,2.8100612231257442,2.5533827426649935,1.0,0.43270446584045585,0.0,nan,0
diameter_pitch_grid,hexagonal_packing,1.1005248747756682,2.8100612231257442,2.5533827426649935,1.0,0.43270446584045563,0.0,nan,0
diameter_pitch_grid,hexagonal_packing,1.1005248747756682,4.270369592393405,3.880302654007598,1.0,0.6575685889727775,0.8763899340282215,0.25671161690861183,18
diameter_pitch_grid,square_packing,1.2105773622532352,1.5,1.2390781843203027,1.0,0.2312672419891573,0.0,nan,0
diameter_pitch_grid,square_packing,1.2105773622532352,1.8491242752806438,1.5274730330648905,1.0,0.28509458082623573,0.0,nan,0
diameter_pitch_grid,square_packing,1.2105773622532352,2.2795070569547775,1.882991643517895,1.0,0.35145020677116817,0.0,nan,0
diameter_pitch_grid,square_packing,1.2105773622532352,2.8100612231257442,2.3212570387863574,1.0,0.43325007259531256,0.0,nan,0
diameter_pitch_grid,triangular_packing,1.2105773622532352,2.8100612231257442,2.3212570387863574,1.0,0.4332500725953125,0.0,nan,0
diameter_pitch_grid,hexagonal_packing,1.2105773622532352,2.8100612231257442,2.3212570387863574,1.0,0.4332500725953123,0.0,nan,0
diameter_pitch_grid,hexagonal_packing,1.2105773622532352,4.270369592393405,3.527547867279634,1.0,0.6583977319381228,0.8827683310147081,0.253705909634592,18
diameter_pitch_grid,square_packing,1.3206298497308018,1.5206298497308017,1.1514428891947037,1.0,0.23468706921128946,0.0,nan,0
diameter_pitch_grid,square_packing,1.3206298497308018,1.8713577530986345,1.4170191242308308,1.0,0.288816812716317,0.0,nan,0
diameter_pitch_grid,square_packing,1.3206298497308018,2.3029798084670827,1.7438495797566016,1.0,0.3554313903528843,0.0,nan,0
diameter_pitch_grid,square_packing,1.3206298497308018,2.8341539662446014,2.146062325353556,1.0,0.4374103850120049,0.0,nan,0
diameter_pitch_grid,triangular_packing,1.3206298497308018,2.8341539662446014,2.146062325353556,1.0,0.4374103850120048,0.0,nan,0
diameter_pitch_grid,hexagonal_packing,1.3206298497308018,2.8341539662446014,2.146062325353556,1.0,0.4374103850120048,0.0,nan,0
diameter_pitch_grid,hexagonal_packing,1.3206298497308018,4.292299904216463,3.2501914939234555,1.0,0.6624539725264446,0.8824372044965715,0.24588302749060575,18
diameter_pitch_grid,square_packing,0.6225508814546807,1.5,2.409441613021303,2.0,0.4563542698840513,0.0,nan,0
diameter_pitch_grid,square_packing,0.6225508814546807,4.270369592393405,6.859470799262327,2.0,1.299200931647831,0.6999183526182423,0.00011739941801369033,20
diameter_pitch_grid,square_packing,0.6225508814546807,6.48955841444391,10.424141395929137,2.0,1.974358461395635,0.9985551849968607,0.925282716861251,8
diameter_pitch_grid,triangular_packing,0.6225508814546807,7.999999999999998,12.850355269446947,2.0,2.4338894393816064,0.9986819086523855,0.9708658669019541,6
diameter_pitch_grid,square_packing,0.7003697416365159,1.5,2.141725878241158,2.0,0.4575543570126485,0.0,nan,0
diameter_pitch_grid,square_packing,0.7003697416365159,4.270369592393405,6.097307377122068,2.0,1.3026174753692872,0.6879727145893576,5.583092089475006e-05,20
diameter_pitch_grid,triangular_packing,0.7003697416365159,7.999999999999998,11.422538017286174,2.0,2.4402899040674577,0.9988005310206807,0.9735114963589889,6
diameter_pitch_grid,square_packing,0.7781886018183509,1.5,1.9275532904170425,2.0,0.4584371612945775,0.0,nan,0
diameter_pitch_grid,hexagonal_packing,0.7781886018183509,2.2795070569547775,2.9292475521080332,2.0,0.6966738295608699,0.9186477596864231,0.11912361109337963,65
diameter_pitch_grid,square_packing,0.7781886018183509,4.270369592393405,5.487576639409862,2.0,1.3051307424103433,0.6807844339614093,0.0,20
diameter_pitch_grid,triangular_packing,0.7781886018183509,7.999999999999998,10.280284215557558,2.0,2.444998193571079,0.9989984684075724,0.9762410573339676,6
diameter_pitch_grid,square_packing,0.8560074620001861,1.5,1.7523211731064021,2.0,0.4591898664221606,0.0,nan,0
diameter_pitch_grid,hexagonal_packing,0.8560074620001861,2.2795070569547775,2.662952320098212,2.0,0.697817693994291,0.9173889838680902,0.11861971045310987,65
diameter_pitch_grid,square_packing,0.8560074620001861,4.270369592393405,4.988706035827146,2.0,1.3072736284695896,0.6891507146208727,0.0,20
diameter_pitch_grid,triangular_packing,0.8560074620001861,7.999999999999998,9.345712923234142,2.0,2.449012620918189,0.9990376987009646,0.9779999133650342,6
diameter_pitch_grid,hexagonal_packing,0.8560074620001861,7.999999999999998,9.345712923234142,2.0,2.449012620918189,0.9993719638942142,0.9805792288763799,3
diameter_pitch_grid,square_packing,0.9338263221820211,1.5,1.6062944086808688,2.0,0.4597799501247004,0.0,nan,0
diameter_pitch_grid,hexagonal_packing,0.9338263221820211,2.2795070569547775,2.4410396267566945,2.0,0.6987144273037134,0.920880599048098,0.1172508959656988,65
diameter_pitch_grid,square_packing,0.9338263221820211,4.270369592393405,4.572980532841552,2.0,1.308953545469785,0.7046594865177487,0.0,20
diameter_pitch_grid,triangular_packing,0.9338263221820211,7.999999999999998,8.56690351296463,2.0,2.452159733998401,0.9991113771367836,0.9797794034346079,6
diameter_pitch_grid,hexagonal_packing,0.9338263221820211,7.999999999999998,8.56690351296463,2.0,2.452159733998401,0.9994208311547936,0.9821317411430918,3
diameter_pitch_grid,square_packing,0.508310666161289,6.48955841444391,12.76691371332497,3.0,2.9397938501841363,0.9994344492190587,0.9832637805803427,8
diameter_pitch_grid,triangular_packing,0.508310666161289,7.999999999999998,15.738406711815028,3.0,3.6240294484641553,0.9995195875845001,0.9916750947401383,6
diameter_pitch_grid,square_packing,0.5718494994314501,6.48955841444391,11.348367745177748,3.0,2.9492549358353304,0.9994719726884873,0.9849801577496158,8
diameter_pitch_grid,triangular_packing,0.5718494994314501,7.999999999999998,13.98969485494669,3.0,3.635692597229577,0.9995611608589102,0.9925538739682505,6
diameter_pitch_grid,triangular_packing,0.6353883327016112,7.999999999999998,12.590725369452022,3.0,3.644566379603638,0.9996208828098758,0.9932962263658318,6
diameter_pitch_grid,hexagonal_packing,0.6989271659717724,1.5,2.146146369792959,3.0,0.6845482548837499,0.9306163931239219,0.12652820091844902,92
diameter_pitch_grid,triangular_packing,0.6989271659717724,7.999999999999998,11.44611397222911,3.0,3.650924026046668,0.9996459731400588,0.9939329398496882,6
diameter_pitch_grid,hexagonal_packing,0.7624659992419335,1.5,1.967300838976879,3.0,0.685366522937104,0.9309980385823771,0.12470100408769592,92
diameter_pitch_grid,triangular_packing,0.7624659992419335,7.999999999999998,10.492271141210018,3.0,3.6552881223312235,0.9996911516720006,0.9944171641910846,6
diameter_pitch_grid,square_packing,0.4402099499102673,6.48955841444391,14.74196213821779,4.0,3.8944157690505357,0.9997215315401679,0.99288375456502,8
diameter_pitch_grid,triangular_packing,0.4402099499102673,7.999999999999998,18.173146703364438,4.0,4.80083915772472,0.9997406742283506,0.9963651445701569,6
diameter_pitch_grid,hexagonal_packing,0.4952361936490507,2.2795070569547775,4.6028684619326325,4.0,1.3725402564967653,0.9713755551102146,0.007749979150482297,65
diameter_pitch_grid,triangular_packing,0.4952361936490507,7.999999999999998,16.15390818076839,4.0,4.8169721688174425,0.9997703603518581,0.9967883058238451,6
diameter_pitch_grid,hexagonal_packing,0.5502624373878341,2.2795070569547775,4.14258161573937,4.0,1.3760519846891486,0.9651161550783194,0.00681340887260742,65
diameter_pitch_grid,triangular_packing,0.5502624373878341,7.999999999999998,14.53851736269155,4.0,4.829296686722905,0.9998016869394981,0.9971186321579163,6
diameter_pitch_grid,square_packing,0.6052886811266176,2.2795070569547775,3.76598328703579,4.0,1.3787307544964849,0.9682442964619264,0.00723347223024972,76
diameter_pitch_grid,triangular_packing,0.6052886811266176,2.2795070569547775,3.76598328703579,4.0,1.3787307544964849,0.9620387093380433,0.005085606414097833,76
diameter_pitch_grid,hexagonal_packing,0.6052886811266176,2.2795070569547775,3.76598328703579,4.0,1.3787307544964846,0.9658956965380313,0.007413056450640029,65
diameter_pitch_grid,triangular_packing,0.6052886811266176,7.999999999999998,13.216833966083225,4.0,4.838697911603217,0.9998159168564493,0.9973877402084351,6
diameter_pitch_grid,hexagonal_packing,0.6052886811266176,7.999999999999998,13.216833966083225,4.0,4.838697911603217,0.9998758690437545,0.9977718354284116,3
diameter_pitch_grid,square_packing,0.6603149248654009,2.2795070569547775,3.452151346449475,4.0,1.3804637345029689,0.9720683110762015,0.00607345869160913,76
diameter_pitch_grid,triangular_packing,0.6603149248654009,2.2795070569547775,3.452151346449475,4.0,1.3804637345029689,0.9662253446242749,0.004114173218213922,76
diameter_pitch_grid,hexagonal_packing,0.6603149248654009,2.2795070569547775,3.452151346449475,4.0,1.3804637345029687,0.9695152551647996,0.006144302170254353,65
diameter_pitch_grid,triangular_packing,0.6603149248654009,7.999999999999998,12.115431135576292,4.0,4.84477985814055,0.9998287414478189,0.9976158697401791,6
diameter_pitch_grid,hexagonal_packing,0.6603149248654009,7.999999999999998,12.115431135576292,4.0,4.84477985814055,0.9998815136354539,0.9979628613323174,3
diameter_pitch_grid,square_packing,0.35942991899209875,1.5,4.173275291623606,6.0,1.3347355965619963,0.9468471892885527,0.00688489338641045,80
diameter_pitch_grid,square_packing,0.35942991899209875,7.999999999999998,22.25746822199256,6.0,7.118589848330648,0.9999489988664162,0.9989411310011636,8
diameter_pitch_grid,square_packing,0.4492873987401234,1.5,3.338620233298885,6.0,1.3423679328169416,0.9292198887123656,0.005320994744486654,80
diameter_pitch_grid,square_packing,0.4492873987401234,7.999999999999998,17.80597457759405,6.0,7.159295641690357,0.9999730157121623,0.9991678499327034,8
diameter_pitch_grid,square_packing,0.49421613861413577,1.5,3.035109302998986,6.0,1.3445959983453784,0.9302522829355151,0.003940539931464524,80
diameter_pitch_grid,square_packing,0.49421613861413577,7.999999999999998,16.18724961599459,6.0,7.171178657842019,0.9999748215904569,0.9992447696301402,8
diameter_pitch_grid,square_packing,0.5391448784881481,1.5,2.782183527749071,6.0,1.3458092516258409,0.9354202129031645,0.002836582008229839,80
diameter_pitch_grid,square_packing,0.5391448784881481,7.999999999999998,14.838312147995042,6.0,7.177649342004486,0.9999966899608559,0.9993094721328065,8
